Workbook

Sheet Overview
B2: This is a spreadsheet which might prove useful to paste output data from ViCTA. It will automate much of the data summarising and minimise the laborious copying and pasting of data.
B4: It can be used to collate results and present charts.
B6: The spreadsheet is colour coded to indicate the data types
B8: Blue tab: | C8: this is where the combinations for strain type and treatment type are given.
C9: You can fill your own strains and treatments and the the matrix A-L to indicate which tab the data output from victa should be pasted into.
B10: Green tabs: | C10: These tabs are used to paste the results from ViCTA into. Data should be pasted every 25 steps, at the vertical points highlighted in green.
C11: If the data are pasted into the correct areas, the summary tabs will be able to automatically calculate most of the results.
B12: Yellow tab: | C12: These tabs summarise the data pasted into A-L and generate totals. These totals can be manually copied into the 'For chart' regions in the summary tabs and they will automatically generate charts.
C13: Pink highlighted areas in yellow tab summaries are data which are directly used to generate the charts in the red tabs
B14: Red tabs: | C14: These tabs show charts generated from the summary totals in they yellow tabbed regions.
B17: Note: There will be some modifications required to the summary totals (averages, medians) because the number of reps might be different for different strains. Please modify the cell ranges in these regions as appropriate
C18: If have tried to put comments at appropriate points in the excel chart to aid data analysis and calculations
B20: Note: | C20: Cells which may require manual adjustment of ranges are highlighted with the following colour: | O20: Any cells with this colour background should be checked to see if the range corresponds to the number of reps performed. The range should be amended if necessary
B28: Hope this is of some help. Jeff Jones
B29: McCall Group LSTM

Sheet file combos
D11: converted:
D12: 1 | E12: 2 | F12: 3 | G12: 4 | H12: 5 | I12: 6 | J12: 7 | K12: 8 | L12: 9 | M12: 10 | N12: 11 | O12: 12 | P12: 13 | Q12: 14 | R12: 15 | S12: 16 | T12: 17 | U12: 18 | V12: 19 | W12: 20
C13: Combo | D13: FAUT | E13: FAP3 | F13: FAOSP | H13: FUUT | I13: FUP3 | J13: FUOSP
C14: Rep Count | D14: A | E14: B | F14: C | G14: D | H14: E | I14: F | J14: G | K14: H | L14: I | M14: J | N14: K | O14: L | P14: M | Q14: N | R14: O | S14: P | T14: Q | U14: R | V14: S | W14: T
C15: 1 | D15: 55 | E15: 59 | F15: 62 | H15: 46 | I15: 49 | J15: 52
C16: 2 | D16: 56 | E16: 60 | F16: 63 | H16: 47 | I16: 50 | J16: 53 | Y16: total number of exps
C17: 3 | D17: 57 | E17: 61 | F17: 64 | H17: 48 | I17: 51 | J17: 54
C18: 4 | D18: 76 | E18: 82 | F18: 79 | H18: 66 | I18: 72 | J18: 69 | Y18: =COUNTA(D15:O35) -> 126 | Z18: experiments
C19: 5 | D19: 77 | E19: 83 | F19: 80 | H19: 67 | I19: 73 | J19: 70
C20: 6 | D20: 78 | E20: 84 | F20: 81 | H20: 68 | I20: 74 | J20: 71
C21: 7 | D21: 109 | E21: 103 | F21: 106 | H21: 85 | I21: 91 | J21: 88
C22: 8 | D22: 110 | E22: 104 | F22: 107 | H22: 86 | I22: 92 | J22: 89
C23: 9 | D23: 111 | E23: 105 | F23: 108 | H23: 87 | I23: 93 | J23: 90
C24: 10 | D24: 120 | E24: 112 | F24: 116 | H24: 100 | I24: 94 | J24: 97
C25: 11 | D25: 121 | E25: 113 | F25: 117 | H25: 101 | I25: 95 | J25: 98
C26: 12 | D26: 122 | E26: 114 | F26: 119 | H26: 102 | I26: 96 | J26: 99
C27: 13 | D27: 196 | E27: 193 | F27: 190 | H27: 169 | I27: 166 | J27: 163
C28: 14 | D28: 197 | E28: 194 | F28: 191 | H28: 170 | I28: 167 | J28: 164
C29: 15 | D29: 198 | E29: 195 | F29: 192 | H29: 171 | I29: 168 | J29: 165
C30: 16 | D30: 211 | E30: 205 | F30: 199 | H30: 178 | I30: 175 | J30: 172
... C35: 21 | D35: 216 | E35: 210 | F35: 204 | H35: 189 | I35: 186 | J35: 183
C36: 22
C37: 23
C38: 199
C39: 25
C40: 26
C41: 27
C42: 28
C43: 29
C44: 30
C45: 31
C46: 32
C47: 33
... C65: 51
C66: Total Reps performed | D66: 21 | E66: 21 | F66: 21 | H66: 21 | I66: 21 | J66: 21
B74: Test Dates
C75: Combo | D75: =D13 -> FAUT | E75: =E13 -> FAP3 | F75: =F13 -> FAOSP | G75: =G13 -> 0 | H75: =H13 -> FUUT | I75: =I13 -> FUP3 | J75: =J13 -> FUOSP | K75: =K13 -> 0 | ... W75: =W13 -> 0
C76: Rep Count | D76: A | E76: B | F76: C | G76: D | H76: E | I76: F | J76: G | K76: H | L76: I | M76: J | N76: K | O76: L | P76: =P14 -> M | Q76: =Q14 -> N | R76: =R14 -> O | S76: =S14 -> P | T76: =T14 -> Q | U76: =U14 -> R | V76: =V14 -> S | W76: =W14 -> T
C77: 1 | D77: 44900
C78: 2
C79: 3
C80: 4
C81: 5
C82: 6
C83: 7
C84: 8
C85: 9
C86: 10
C87: 11
C88: 12
C89: 13
... C127: 51

Sheet A
A1: Video_File_Analysed | B1: IMG_0055_FA_UT_071222.mp4
A2: R0 | B2: 0 | C2: 0 | D2: 3 | E2: 0 | F2: 0 | G2: 2 | H2: 2 | I2: 1 | J2: 0 | K2: 3 | L2: 5 | M2: 0 | N2: 0 | O2: 6 | P2: 12 | Q2: 0 | R2: 0 | S2: 0 | T2: 0 | U2: 0 | V2: 0 | W2: 0 | X2: 4 | Y2: 6 | Z2: 0 | AA2: 0 | AB2: 0 | AC2: 0 | AD2: 5 | AE2: 0 | AF2: 0 | AG2: 0 | AH2: 0 | AI2: 0 | AJ2: 0 | AK2: 0
A3: R1 | B3: 18 | C3: 36 | D3: 41 | E3: 6 | F3: 12 | G3: 21 | H3: 35 | I3: 66 | J3: 48 | K3: 28 | L3: 29 | M3: 43 | N3: 21 | O3: 54 | P3: 32 | Q3: 46 | R3: 91 | S3: 70 | T3: 19 | U3: 11 | V3: 0 | W3: 72 | X3: 150 | Y3: 87 | Z3: 59 | AA3: 42 | AB3: 44 | AC3: 82 | AD3: 85 | AE3: 1 | AF3: 0 | AG3: 7 | AH3: 6 | AI3: 45 | AJ3: 28 | AK3: 41
A4: R2 | B4: 0 | C4: 13 | D4: 4 | E4: 0 | F4: 0 | G4: 13 | H4: 7 | I4: 10 | J4: 0 | K4: 20 | L4: 15 | M4: 45 | N4: 70 | O4: 72 | P4: 53 | Q4: 24 | R4: 27 | S4: 29 | T4: 0 | U4: 0 | V4: 0 | W4: 15 | X4: 15 | Y4: 14 | Z4: 0 | AA4: 0 | AB4: 0 | AC4: 17 | AD4: 14 | AE4: 39 | AF4: 47 | AG4: 76 | AH4: 65 | AI4: 45 | AJ4: 49 | AK4: 36
A5: R3 | B5: 5 | C5: 4 | D5: 0 | E5: 0 | F5: 0 | G5: 16 | H5: 4 | I5: 11 | J5: 0 | K5: 0 | L5: 0 | M5: 0 | N5: 4 | O5: 0 | P5: 0 | Q5: 0 | R5: 0 | S5: 18 | T5: 0 | U5: 0 | V5: 0 | W5: 8 | X5: 2 | Y5: 0 | Z5: 0 | AA5: 0 | AB5: 0 | AC5: 1 | AD5: 0 | AE5: 0 | AF5: 0 | AG5: 0 | AH5: 0 | AI5: 0 | AJ5: 0 | AK5: 0
A6: tot_reg_act_per_matrix | B6: 23 | C6: 53 | D6: 48 | E6: 6 | F6: 12 | G6: 52 | H6: 48 | I6: 88 | J6: 48 | K6: 51 | L6: 49 | M6: 88 | N6: 95 | O6: 132 | P6: 97 | Q6: 70 | R6: 118 | S6: 117 | T6: 19 | U6: 11 | V6: 0 | W6: 95 | X6: 171 | Y6: 107 | Z6: 59 | AA6: 42 | AB6: 44 | AC6: 100 | AD6: 104 | AE6: 40 | AF6: 47 | AG6: 83 | AH6: 71 | AI6: 90 | AJ6: 77 | AK6: 77
A7: exp_tot_act_R0 | B7: 49
A8: exp_tot_act_R1 | B8: 1476
A9: exp_tot_act_R2 | B9: 834
A10: exp_tot_act_R3 | B10: 73
A11: exp_total_of_all_regions_activity | B11: 2432
A12: Total_number_of_frames: | B12: 1801
A13: Number_of_movement_frames: | B13: 1458
A14: Number_of_non-movement_frames: | B14: 343
A15: Inactivity_by_epoch: | B15: 34 | C15: 0 | D15: 2 | E15: 44 | F15: 40 | G15: 18 | H15: 7 | I15: 1 | J15: 4 | K15: 10 | L15: 1 | M15: 0 | N15: 0 | O15: 0 | P15: 0 | Q15: 2 | R15: 0 | S15: 0 | T15: 41 | U15: 39 | V15: 50 | W15: 8 | X15: 0 | Y15: 0 | Z15: 0 | AA15: 9 | AB15: 9 | AC15: 2 | AD15: 1 | AE15: 9 | AF15: 4 | AG15: 0 | AH15: 8 | AI15: 0 | AJ15: 0 | AK15: 0
A16: Total_number_of_VALID_frames: | B16: 1801
A17: Proportion_of_VALID_frames: | B17: 1
A18: Invalid_frame_count_(incorrect_or_too_many_contours): | B18: 0
A19: Proportion_of_Invalid_frames: | B19: 0
A20: Rejected_contour_count_outisde_regions: | B20: 0
A21: Rejected_contour_count_outisde_mask: | B21: 75
A22: Rejected_contour_count_too_small: | B22: 2687
A23: Rejected_contour_count_too_large: | B23: 2
A26: Video_File_Analysed | B26: IMG_0056_FA_UT_071222.mp4
A27: R0 | B27: 0 | C27: 0 | D27: 0 | E27: 0 | F27: 0 | G27: 0 | H27: 0 | I27: 3 | J27: 13 | K27: 7 | L27: 1 | M27: 2 | N27: 0 | O27: 0 | P27: 6 | Q27: 6 | R27: 0 | S27: 0 | T27: 0 | U27: 0 | V27: 0 | W27: 0 | X27: 0 | Y27: 0 | Z27: 0 | AA27: 0 | AB27: 0 | AC27: 0 | AD27: 0 | AE27: 0 | AF27: 0 | AG27: 0 | AH27: 0 | AI27: 0 | AJ27: 0 | AK27: 0
A28: R1 | B28: 78 | C28: 60 | D28: 33 | E28: 0 | F28: 47 | G28: 40 | H28: 102 | I28: 54 | J28: 54 | K28: 104 | L28: 45 | M28: 27 | N28: 21 | O28: 50 | P28: 62 | Q28: 62 | R28: 0 | S28: 0 | T28: 0 | U28: 0 | V28: 39 | W28: 44 | X28: 44 | Y28: 0 | Z28: 39 | AA28: 47 | AB28: 21 | AC28: 7 | AD28: 24 | AE28: 0 | AF28: 4 | AG28: 23 | AH28: 35 | AI28: 25 | AJ28: 7 | AK28: 0
A29: R2 | B29: 0 | C29: 0 | D29: 0 | E29: 0 | F29: 0 | G29: 0 | H29: 10 | I29: 62 | J29: 63 | K29: 38 | L29: 15 | M29: 13 | N29: 25 | O29: 16 | P29: 24 | Q29: 23 | R29: 9 | S29: 0 | T29: 11 | U29: 4 | V29: 61 | W29: 31 | X29: 45 | Y29: 0 | Z29: 3 | AA29: 0 | AB29: 0 | AC29: 27 | AD29: 9 | AE29: 0 | AF29: 0 | AG29: 0 | AH29: 19 | AI29: 22 | AJ29: 0 | AK29: 0
A30: R3 | B30: 0 | C30: 8 | D30: 0 | E30: 12 | F30: 0 | G30: 0 | H30: 0 | I30: 3 | J30: 6 | K30: 0 | L30: 0 | M30: 2 | N30: 4 | O30: 0 | P30: 4 | Q30: 7 | R30: 0 | S30: 0 | T30: 0 | U30: 0 | V30: 0 | W30: 9 | X30: 0 | Y30: 0 | Z30: 0 | AA30: 0 | AB30: 0 | AC30: 0 | AD30: 0 | AE30: 0 | AF30: 0 | AG30: 0 | AH30: 0 | AI30: 2 | AJ30: 0 | AK30: 0
A31: tot_reg_act_per_matrix | B31: 78 | C31: 68 | D31: 33 | E31: 12 | F31: 47 | G31: 40 | H31: 112 | I31: 122 | J31: 136 | K31: 149 | L31: 61 | M31: 44 | N31: 50 | O31: 66 | P31: 96 | Q31: 98 | R31: 9 | S31: 0 | T31: 11 | U31: 4 | V31: 100 | W31: 84 | X31: 89 | Y31: 0 | Z31: 42 | AA31: 47 | AB31: 21 | AC31: 34 | AD31: 33 | AE31: 0 | AF31: 4 | AG31: 23 | AH31: 54 | AI31: 49 | AJ31: 7 | AK31: 0
A32: exp_tot_act_R0 | B32: 38
A33: exp_tot_act_R1 | B33: 1198
A34: exp_tot_act_R2 | B34: 530
A35: exp_tot_act_R3 | B35: 57
A36: exp_total_of_all_regions_activity | B36: 1823
A37: Total_number_of_frames: | B37: 1801
A38: Number_of_movement_frames: | B38: 1131
A39: Number_of_non-movement_frames: | B39: 670
A40: Inactivity_by_epoch: | B40: 4 | C40: 3 | D40: 19 | E40: 38 | F40: 9 | G40: 24 | H40: 0 | I40: 0 | J40: 0 | K40: 0 | L40: 1 | M40: 5 | N40: 2 | O40: 22 | P40: 0 | Q40: 0 | R40: 43 | S40: 50 | T40: 39 | U40: 46 | V40: 0 | W40: 0 | X40: 10 | Y40: 50 | Z40: 10 | AA40: 2 | AB40: 31 | AC40: 26 | AD40: 19 | AE40: 50 | AF40: 46 | AG40: 25 | AH40: 0 | AI40: 1 | AJ40: 45 | AK40: 50
A41: Total_number_of_VALID_frames: | B41: 1801
A42: Proportion_of_VALID_frames: | B42: 1
A43: Invalid_frame_count_(incorrect_or_too_many_contours): | B43: 0
A44: Proportion_of_Invalid_frames: | B44: 0
A45: Rejected_contour_count_outisde_regions: | B45: 0
A46: Rejected_contour_count_outisde_mask: | B46: 3
A47: Rejected_contour_count_too_small: | B47: 2021
A48: Rejected_contour_count_too_large: | B48: 2
A51: Video_File_Analysed | B51: IMG_0057_FA_UT_071222.mp4
A52: R0 | B52: 0 | C52: 0 | D52: 0 | E52: 0 | F52: 0 | G52: 0 | H52: 0 | I52: 1 | J52: 0 | K52: 0 | L52: 0 | M52: 3 | N52: 0 | O52: 0 | P52: 0 | Q52: 0 | R52: 0 | S52: 0 | T52: 0 | U52: 0 | V52: 0 | W52: 0 | X52: 0 | Y52: 0 | Z52: 0 | AA52: 0 | AB52: 0 | AC52: 0 | AD52: 0 | AE52: 0 | AF52: 0 | AG52: 0 | AH52: 0 | AI52: 0 | AJ52: 0 | AK52: 0
A53: R1 | B53: 0 | C53: 0 | D53: 0 | E53: 0 | F53: 0 | G53: 0 | H53: 0 | I53: 23 | J53: 32 | K53: 20 | L53: 25 | M53: 32 | N53: 21 | O53: 17 | P53: 46 | Q53: 55 | R53: 74 | S53: 14 | T53: 36 | U53: 68 | V53: 63 | W53: 32 | X53: 0 | Y53: 0 | Z53: 0 | AA53: 0 | AB53: 0 | AC53: 0 | AD53: 0 | AE53: 0 | AF53: 0 | AG53: 0 | AH53: 0 | AI53: 0 | AJ53: 0 | AK53: 0
A54: R2 | B54: 0 | C54: 0 | D54: 0 | E54: 0 | F54: 0 | G54: 0 | H54: 0 | I54: 16 | J54: 12 | K54: 23 | L54: 23 | M54: 9 | N54: 22 | O54: 41 | P54: 38 | Q54: 41 | R54: 14 | S54: 27 | T54: 11 | U54: 20 | V54: 19 | W54: 8 | X54: 0 | Y54: 0 | Z54: 0 | AA54: 0 | AB54: 0 | AC54: 0 | AD54: 0 | AE54: 0 | AF54: 0 | AG54: 0 | AH54: 0 | AI54: 0 | AJ54: 0 | AK54: 0
A55: R3 | B55: 0 | C55: 1 | D55: 19 | E55: 0 | F55: 0 | G55: 0 | H55: 0 | I55: 3 | J55: 13 | K55: 6 | L55: 0 | M55: 2 | N55: 7 | O55: 5 | P55: 4 | Q55: 0 | R55: 1 | S55: 13 | T55: 1 | U55: 4 | V55: 1 | W55: 0 | X55: 0 | Y55: 0 | Z55: 0 | AA55: 0 | AB55: 0 | AC55: 0 | AD55: 0 | AE55: 0 | AF55: 0 | AG55: 0 | AH55: 0 | AI55: 0 | AJ55: 0 | AK55: 0
A56: tot_reg_act_per_matrix | B56: 0 | C56: 1 | D56: 19 | E56: 0 | F56: 0 | G56: 0 | H56: 0 | I56: 43 | J56: 57 | K56: 49 | L56: 48 | M56: 46 | N56: 50 | O56: 63 | P56: 88 | Q56: 96 | R56: 89 | S56: 54 | T56: 48 | U56: 92 | V56: 83 | W56: 40 | X56: 0 | Y56: 0 | Z56: 0 | AA56: 0 | AB56: 0 | AC56: 0 | AD56: 0 | AE56: 0 | AF56: 0 | AG56: 0 | AH56: 0 | AI56: 0 | AJ56: 0 | AK56: 0
A57: exp_tot_act_R0 | B57: 4
A58: exp_tot_act_R1 | B58: 558
A59: exp_tot_act_R2 | B59: 324
A60: exp_tot_act_R3 | B60: 80
A61: exp_total_of_all_regions_activity | B61: 966
A62: Total_number_of_frames: | B62: 1801
A63: Number_of_movement_frames: | B63: 724
A64: Number_of_non-movement_frames: | B64: 1077
A65: Inactivity_by_epoch: | B65: 51 | C65: 47 | D65: 33 | E65: 50 | F65: 50 | G65: 50 | H65: 50 | I65: 19 | J65: 1 | K65: 1 | L65: 2 | M65: 5 | N65: 2 | O65: 0 | P65: 1 | Q65: 0 | R65: 0 | S65: 0 | T65: 2 | U65: 1 | V65: 0 | W65: 12 | X65: 50 | Y65: 50 | Z65: 50 | AA65: 50 | AB65: 50 | AC65: 50 | AD65: 50 | AE65: 50 | AF65: 50 | AG65: 50 | AH65: 50 | AI65: 50 | AJ65: 50 | AK65: 50
A66: Total_number_of_VALID_frames: | B66: 1801
A67: Proportion_of_VALID_frames: | B67: 1
A68: Invalid_frame_count_(incorrect_or_too_many_contours): | B68: 0
A69: Proportion_of_Invalid_frames: | B69: 0
A70: Rejected_contour_count_outisde_regions: | B70: 0
A71: Rejected_contour_count_outisde_mask: | B71: 94
A72: Rejected_contour_count_too_small: | B72: 841
A73: Rejected_contour_count_too_large: | B73: 0
A76: Video_File_Analysed | B76: IMG_0076_FA_UT_180123-10.mp4
A77: R0 | B77: 2 | C77: 0 | D77: 0 | E77: 0 | F77: 0 | G77: 0 | H77: 0 | I77: 0 | J77: 0 | K77: 0 | L77: 0 | M77: 0 | N77: 0 | O77: 0 | P77: 0 | Q77: 0 | R77: 0 | S77: 0 | T77: 0 | U77: 0 | V77: 0 | W77: 0 | X77: 0 | Y77: 0 | Z77: 0 | AA77: 0 | AB77: 0 | AC77: 0 | AD77: 0 | AE77: 0 | AF77: 0 | AG77: 0 | AH77: 0 | AI77: 0 | AJ77: 0 | AK77: 0
A78: R1 | B78: 27 | C78: 0 | D78: 0 | E78: 0 | F78: 0 | G78: 0 | H78: 0 | I78: 60 | J78: 50 | K78: 0 | L78: 0 | M78: 0 | N78: 0 | O78: 0 | P78: 8 | Q78: 17 | R78: 0 | S78: 0 | T78: 0 | U78: 0 | V78: 22 | W78: 0 | X78: 0 | Y78: 0 | Z78: 0 | AA78: 0 | AB78: 0 | AC78: 0 | AD78: 13 | AE78: 0 | AF78: 1 | AG78: 0 | AH78: 0 | AI78: 0 | AJ78: 0 | AK78: 0
A79: R2 | B79: 0 | C79: 0 | D79: 0 | E79: 0 | F79: 0 | G79: 0 | H79: 0 | I79: 1 | J79: 0 | K79: 0 | L79: 0 | M79: 0 | N79: 10 | O79: 2 | P79: 26 | Q79: 2 | R79: 0 | S79: 0 | T79: 0 | U79: 0 | V79: 0 | W79: 0 | X79: 0 | Y79: 0 | Z79: 0 | AA79: 0 | AB79: 0 | AC79: 0 | AD79: 0 | AE79: 0 | AF79: 0 | AG79: 0 | AH79: 0 | AI79: 0 | AJ79: 0 | AK79: 0
A80: R3 | B80: 0 | C80: 0 | D80: 0 | E80: 0 | F80: 0 | G80: 0 | H80: 0 | I80: 0 | J80: 0 | K80: 0 | L80: 0 | M80: 0 | N80: 0 | O80: 0 | P80: 2 | Q80: 1 | R80: 0 | S80: 0 | T80: 0 | U80: 0 | V80: 0 | W80: 0 | X80: 0 | Y80: 0 | Z80: 0 | AA80: 0 | AB80: 0 | AC80: 0 | AD80: 0 | AE80: 0 | AF80: 0 | AG80: 0 | AH80: 0 | AI80: 0 | AJ80: 0 | AK80: 0
A81: tot_reg_act_per_matrix | B81: 29 | C81: 0 | D81: 0 | E81: 0 | F81: 0 | G81: 0 | H81: 0 | I81: 61 | J81: 50 | K81: 0 | L81: 0 | M81: 0 | N81: 10 | O81: 2 | P81: 36 | Q81: 20 | R81: 0 | S81: 0 | T81: 0 | U81: 0 | V81: 22 | W81: 0 | X81: 0 | Y81: 0 | Z81: 0 | AA81: 0 | AB81: 0 | AC81: 0 | AD81: 13 | AE81: 0 | AF81: 1 | AG81: 0 | AH81: 0 | AI81: 0 | AJ81: 0 | AK81: 0
A82: exp_tot_act_R0 | B82: 2
A83: exp_tot_act_R1 | B83: 198
A84: exp_tot_act_R2 | B84: 41
A85: exp_tot_act_R3 | B85: 3
A86: exp_total_of_all_regions_activity | B86: 244
A87: Total_number_of_frames: | B87: 1801
A88: Number_of_movement_frames: | B88: 218
A89: Number_of_non-movement_frames: | B89: 1583
A90: Inactivity_by_epoch: | B90: 22 | C90: 50 | D90: 50 | E90: 50 | F90: 50 | G90: 50 | H90: 50 | I90: 0 | J90: 2 | K90: 50 | L90: 50 | M90: 50 | N90: 38 | O90: 50 | P90: 22 | Q90: 35 | R90: 50 | S90: 50 | T90: 50 | U90: 50 | V90: 28 | W90: 50 | X90: 50 | Y90: 50 | Z90: 50 | AA90: 50 | AB90: 50 | AC90: 50 | AD90: 37 | AE90: 50 | AF90: 49 | AG90: 50 | AH90: 50 | AI90: 50 | AJ90: 50 | AK90: 50
A91: Total_number_of_VALID_frames: | B91: 1801
A92: Proportion_of_VALID_frames: | B92: 1
A93: Invalid_frame_count_(incorrect_or_too_many_contours): | B93: 0
A94: Proportion_of_Invalid_frames: | B94: 0
A95: Rejected_contour_count_outisde_regions: | B95: 0
A96: Rejected_contour_count_outisde_mask: | B96: 0
A97: Rejected_contour_count_too_small: | B97: 298
A98: Rejected_contour_count_too_large: | B98: 0
A101: Video_File_Analysed | B101: IMG_0077_FA_UT_180123-11.mp4
A102: R0 | B102: 0 | C102: 0 | D102: 0 | E102: 0 | F102: 0 | G102: 0 | H102: 0 | I102: 0 | J102: 0 | K102: 1 | L102: 2 | M102: 0 | N102: 0 | O102: 0 | P102: 0 | Q102: 0 | R102: 0 | S102: 1 | T102: 0 | U102: 0 | V102: 0 | W102: 0 | X102: 1 | Y102: 0 | Z102: 0 | AA102: 0 | AB102: 0 | AC102: 1 | AD102: 2 | AE102: 0 | AF102: 0 | AG102: 0 | AH102: 0 | AI102: 0 | AJ102: 0 | AK102: 0
A103: R1 | B103: 0 | C103: 0 | D103: 19 | E103: 10 | F103: 35 | G103: 27 | H103: 0 | I103: 0 | J103: 0 | K103: 50 | L103: 67 | M103: 47 | N103: 18 | O103: 0 | P103: 46 | Q103: 12 | R103: 0 | S103: 47 | T103: 28 | U103: 51 | V103: 40 | W103: 29 | X103: 16 | Y103: 34 | Z103: 43 | AA103: 9 | AB103: 59 | AC103: 73 | AD103: 7 | AE103: 0 | AF103: 0 | AG103: 0 | AH103: 0 | AI103: 16 | AJ103: 25 | AK103: 27
A104: R2 | B104: 0 | C104: 1 | D104: 16 | E104: 0 | F104: 9 | G104: 0 | H104: 0 | I104: 0 | J104: 0 | K104: 8 | L104: 8 | M104: 20 | N104: 5 | O104: 12 | P104: 1 | Q104: 4 | R104: 29 | S104: 24 | T104: 0 | U104: 0 | V104: 24 | W104: 6 | X104: 27 | Y104: 9 | Z104: 7 | AA104: 5 | AB104: 0 | AC104: 37 | AD104: 19 | AE104: 0 | AF104: 0 | AG104: 0 | AH104: 0 | AI104: 0 | AJ104: 31 | AK104: 32
A105: R3 | B105: 0 | C105: 0 | D105: 0 | E105: 0 | F105: 0 | G105: 0 | H105: 0 | I105: 0 | J105: 0 | K105: 8 | L105: 0 | M105: 0 | N105: 0 | O105: 0 | P105: 0 | Q105: 0 | R105: 0 | S105: 0 | T105: 0 | U105: 0 | V105: 11 | W105: 0 | X105: 7 | Y105: 0 | Z105: 0 | AA105: 25 | AB105: 0 | AC105: 7 | AD105: 0 | AE105: 0 | AF105: 0 | AG105: 0 | AH105: 0 | AI105: 0 | AJ105: 14 | AK105: 28
A106: tot_reg_act_per_matrix | B106: 0 | C106: 1 | D106: 35 | E106: 10 | F106: 44 | G106: 27 | H106: 0 | I106: 0 | J106: 0 | K106: 67 | L106: 77 | M106: 67 | N106: 23 | O106: 12 | P106: 47 | Q106: 16 | R106: 29 | S106: 72 | T106: 28 | U106: 51 | V106: 75 | W106: 35 | X106: 51 | Y106: 43 | Z106: 50 | AA106: 39 | AB106: 59 | AC106: 118 | AD106: 28 | AE106: 0 | AF106: 0 | AG106: 0 | AH106: 0 | AI106: 16 | AJ106: 70 | AK106: 87
A107: exp_tot_act_R0 | B107: 8
A108: exp_tot_act_R1 | B108: 835
...

Sheet B
A1: Video_File_Analysed | B1: IMG_0059_FA_P3_071222.mp4
A2: R0 | B2: 0 | C2: 0 | D2: 0 | E2: 2 | F2: 0 | G2: 0 | H2: 1 | I2: 4 | J2: 14 | K2: 8 | L2: 10 | M2: 0 | N2: 0 | O2: 1 | P2: 6 | Q2: 0 | R2: 0 | S2: 0 | T2: 3 | U2: 20 | V2: 1 | W2: 10 | X2: 4 | Y2: 3 | Z2: 0 | AA2: 0 | AB2: 0 | AC2: 0 | AD2: 0 | AE2: 0 | AF2: 10 | AG2: 11 | AH2: 0 | AI2: 7 | AJ2: 3 | AK2: 26
A3: R1 | B3: 12 | C3: 73 | D3: 87 | E3: 75 | F3: 117 | G3: 77 | H3: 112 | I3: 78 | J3: 65 | K3: 77 | L3: 112 | M3: 82 | N3: 58 | O3: 94 | P3: 91 | Q3: 94 | R3: 114 | S3: 69 | T3: 64 | U3: 147 | V3: 99 | W3: 114 | X3: 72 | Y3: 34 | Z3: 63 | AA3: 10 | AB3: 29 | AC3: 13 | AD3: 123 | AE3: 76 | AF3: 107 | AG3: 60 | AH3: 47 | AI3: 19 | AJ3: 66 | AK3: 36
A4: R2 | B4: 11 | C4: 15 | D4: 21 | E4: 15 | F4: 22 | G4: 11 | H4: 27 | I4: 15 | J4: 2 | K4: 5 | L4: 0 | M4: 7 | N4: 19 | O4: 21 | P4: 23 | Q4: 17 | R4: 32 | S4: 4 | T4: 45 | U4: 22 | V4: 37 | W4: 5 | X4: 0 | Y4: 63 | Z4: 47 | AA4: 23 | AB4: 56 | AC4: 29 | AD4: 6 | AE4: 8 | AF4: 5 | AG4: 0 | AH4: 9 | AI4: 30 | AJ4: 2 | AK4: 20
A5: R3 | B5: 0 | C5: 0 | D5: 0 | E5: 5 | F5: 4 | G5: 0 | H5: 5 | I5: 12 | J5: 1 | K5: 2 | L5: 0 | M5: 0 | N5: 9 | O5: 1 | P5: 4 | Q5: 9 | R5: 4 | S5: 0 | T5: 18 | U5: 3 | V5: 20 | W5: 0 | X5: 0 | Y5: 21 | Z5: 0 | AA5: 0 | AB5: 7 | AC5: 3 | AD5: 0 | AE5: 2 | AF5: 4 | AG5: 0 | AH5: 0 | AI5: 7 | AJ5: 29 | AK5: 47
A6: tot_reg_act_per_matrix | B6: 23 | C6: 88 | D6: 108 | E6: 97 | F6: 143 | G6: 88 | H6: 145 | I6: 109 | J6: 82 | K6: 92 | L6: 122 | M6: 89 | N6: 86 | O6: 117 | P6: 124 | Q6: 120 | R6: 150 | S6: 73 | T6: 130 | U6: 192 | V6: 157 | W6: 129 | X6: 76 | Y6: 121 | Z6: 110 | AA6: 33 | AB6: 92 | AC6: 45 | AD6: 129 | AE6: 86 | AF6: 126 | AG6: 71 | AH6: 56 | AI6: 63 | AJ6: 100 | AK6: 129
A7: exp_tot_act_R0 | B7: 144
A8: exp_tot_act_R1 | B8: 2666
A9: exp_tot_act_R2 | B9: 674
A10: exp_tot_act_R3 | B10: 217
A11: exp_total_of_all_regions_activity | B11: 3701
A12: Total_number_of_frames: | B12: 1801
A13: Number_of_movement_frames: | B13: 1669
A14: Number_of_non-movement_frames: | B14: 120
A15: Inactivity_by_epoch: | B15: 26 | C15: 1 | D15: 0 | E15: 1 | F15: 1 | G15: 2 | H15: 0 | I15: 0 | J15: 3 | K15: 3 | L15: 2 | M15: 1 | N15: 2 | O15: 2 | P15: 3 | Q15: 0 | R15: 0 | S15: 6 | T15: 0 | U15: 0 | V15: 0 | W15: 0 | X15: 0 | Y15: 0 | Z15: 0 | AA15: 34 | AB15: 3 | AC15: 5 | AD15: 0 | AE15: 4 | AF15: 0 | AG15: 1 | AH15: 8 | AI15: 11 | AJ15: 1 | AK15: 0
A16: Total_number_of_VALID_frames: | B16: 1789
A17: Proportion_of_VALID_frames: | B17: 0.99333704
A18: Invalid_frame_count_(incorrect_or_too_many_contours): | B18: 12
A19: Proportion_of_Invalid_frames: | B19: 0.006662965
A20: Rejected_contour_count_outisde_regions: | B20: 0
A21: Rejected_contour_count_outisde_mask: | B21: 28
A22: Rejected_contour_count_too_small: | B22: 3076
A23: Rejected_contour_count_too_large: | B23: 0
A26: Video_File_Analysed | B26: IMG_0060_FA_P3_071222.mp4
A27: R0 | B27: 0 | C27: 0 | D27: 4 | E27: 11 | F27: 14 | G27: 0 | H27: 0 | I27: 1 | J27: 3 | K27: 4 | L27: 3 | M27: 0 | N27: 7 | O27: 1 | P27: 7 | Q27: 0 | R27: 0 | S27: 6 | T27: 0 | U27: 6 | V27: 5 | W27: 0 | X27: 0 | Y27: 0 | Z27: 0 | AA27: 7 | AB27: 3 | AC27: 0 | AD27: 0 | AE27: 0 | AF27: 0 | AG27: 0 | AH27: 12 | AI27: 15 | AJ27: 0 | AK27: 0
A28: R1 | B28: 128 | C28: 89 | D28: 73 | E28: 63 | F28: 123 | G28: 50 | H28: 77 | I28: 112 | J28: 54 | K28: 60 | L28: 84 | M28: 117 | N28: 54 | O28: 71 | P28: 94 | Q28: 62 | R28: 66 | S28: 58 | T28: 79 | U28: 45 | V28: 71 | W28: 105 | X28: 82 | Y28: 88 | Z28: 39 | AA28: 109 | AB28: 155 | AC28: 13 | AD28: 83 | AE28: 73 | AF28: 72 | AG28: 50 | AH28: 26 | AI28: 19 | AJ28: 45 | AK28: 101
A29: R2 | B29: 5 | C29: 15 | D29: 22 | E29: 27 | F29: 33 | G29: 69 | H29: 17 | I29: 25 | J29: 65 | K29: 51 | L29: 19 | M29: 43 | N29: 36 | O29: 59 | P29: 62 | Q29: 46 | R29: 26 | S29: 46 | T29: 48 | U29: 20 | V29: 34 | W29: 10 | X29: 7 | Y29: 21 | Z29: 21 | AA29: 42 | AB29: 15 | AC29: 5 | AD29: 8 | AE29: 33 | AF29: 2 | AG29: 0 | AH29: 2 | AI29: 0 | AJ29: 0 | AK29: 6
A30: R3 | B30: 4 | C30: 4 | D30: 5 | E30: 8 | F30: 3 | G30: 11 | H30: 5 | I30: 5 | J30: 18 | K30: 22 | L30: 30 | M30: 7 | N30: 25 | O30: 44 | P30: 19 | Q30: 51 | R30: 9 | S30: 27 | T30: 33 | U30: 41 | V30: 28 | W30: 16 | X30: 52 | Y30: 32 | Z30: 22 | AA30: 4 | AB30: 8 | AC30: 26 | AD30: 0 | AE30: 42 | AF30: 28 | AG30: 0 | AH30: 0 | AI30: 0 | AJ30: 0 | AK30: 6
A31: tot_reg_act_per_matrix | B31: 137 | C31: 108 | D31: 104 | E31: 109 | F31: 173 | G31: 130 | H31: 99 | I31: 143 | J31: 140 | K31: 137 | L31: 136 | M31: 167 | N31: 122 | O31: 175 | P31: 182 | Q31: 159 | R31: 101 | S31: 137 | T31: 160 | U31: 112 | V31: 138 | W31: 131 | X31: 141 | Y31: 141 | Z31: 82 | AA31: 162 | AB31: 181 | AC31: 44 | AD31: 91 | AE31: 148 | AF31: 102 | AG31: 50 | AH31: 40 | AI31: 34 | AJ31: 45 | AK31: 113
A32: exp_tot_act_R0 | B32: 109
A33: exp_tot_act_R1 | B33: 2690
A34: exp_tot_act_R2 | B34: 940
A35: exp_tot_act_R3 | B35: 635
A36: exp_total_of_all_regions_activity | B36: 4374
A37: Total_number_of_frames: | B37: 1801
A38: Number_of_movement_frames: | B38: 1680
A39: Number_of_non-movement_frames: | B39: 88
A40: Inactivity_by_epoch: | B40: 5 | C40: 0 | D40: 3 | E40: 1 | F40: 0 | G40: 0 | H40: 0 | I40: 0 | J40: 0 | K40: 0 | L40: 1 | M40: 0 | N40: 0 | O40: 0 | P40: 0 | Q40: 0 | R40: 0 | S40: 0 | T40: 1 | U40: 0 | V40: 0 | W40: 0 | X40: 1 | Y40: 0 | Z40: 6 | AA40: 0 | AB40: 0 | AC40: 12 | AD40: 3 | AE40: 0 | AF40: 0 | AG40: 0 | AH40: 11 | AI40: 17 | AJ40: 27 | AK40: 0
A41: Total_number_of_VALID_frames: | B41: 1768
A42: Proportion_of_VALID_frames: | B42: 0.9816768
A43: Invalid_frame_count_(incorrect_or_too_many_contours): | B43: 33
A44: Proportion_of_Invalid_frames: | B44: 0.018323153
A45: Rejected_contour_count_outisde_regions: | B45: 0
A46: Rejected_contour_count_outisde_mask: | B46: 11
A47: Rejected_contour_count_too_small: | B47: 3593
A48: Rejected_contour_count_too_large: | B48: 2
A51: Video_File_Analysed | B51: IMG_0061_FA_P3_071222.mp4
A52: R0 | B52: 0 | C52: 0 | D52: 0 | E52: 0 | F52: 0 | G52: 4 | H52: 2 | I52: 0 | J52: 5 | K52: 0 | L52: 4 | M52: 13 | N52: 8 | O52: 0 | P52: 24 | Q52: 6 | R52: 4 | S52: 4 | T52: 2 | U52: 2 | V52: 0 | W52: 0 | X52: 2 | Y52: 0 | Z52: 16 | AA52: 25 | AB52: 2 | AC52: 0 | AD52: 11 | AE52: 26 | AF52: 44 | AG52: 15 | AH52: 0 | AI52: 0 | AJ52: 0 | AK52: 0
A53: R1 | B53: 74 | C53: 70 | D53: 87 | E53: 61 | F53: 64 | G53: 104 | H53: 74 | I53: 80 | J53: 90 | K53: 115 | L53: 77 | M53: 90 | N53: 78 | O53: 31 | P53: 70 | Q53: 30 | R53: 78 | S53: 58 | T53: 75 | U53: 40 | V53: 78 | W53: 72 | X53: 72 | Y53: 89 | Z53: 85 | AA53: 51 | AB53: 31 | AC53: 33 | AD53: 19 | AE53: 42 | AF53: 33 | AG53: 60 | AH53: 25 | AI53: 17 | AJ53: 40 | AK53: 27
A54: R2 | B54: 2 | C54: 34 | D54: 6 | E54: 18 | F54: 30 | G54: 11 | H54: 25 | I54: 38 | J54: 14 | K54: 45 | L54: 69 | M54: 21 | N54: 51 | O54: 62 | P54: 36 | Q54: 65 | R54: 24 | S54: 13 | T54: 33 | U54: 32 | V54: 3 | W54: 10 | X54: 60 | Y54: 24 | Z54: 37 | AA54: 58 | AB54: 45 | AC54: 7 | AD54: 1 | AE54: 14 | AF54: 58 | AG54: 33 | AH54: 19 | AI54: 8 | AJ54: 0 | AK54: 0
A55: R3 | B55: 0 | C55: 1 | D55: 0 | E55: 1 | F55: 12 | G55: 4 | H55: 21 | I55: 16 | J55: 1 | K55: 2 | L55: 21 | M55: 2 | N55: 0 | O55: 14 | P55: 6 | Q55: 43 | R55: 65 | S55: 6 | T55: 14 | U55: 23 | V55: 0 | W55: 0 | X55: 27 | Y55: 27 | Z55: 28 | AA55: 16 | AB55: 19 | AC55: 49 | AD55: 59 | AE55: 19 | AF55: 7 | AG55: 21 | AH55: 18 | AI55: 10 | AJ55: 0 | AK55: 0
A56: tot_reg_act_per_matrix | B56: 76 | C56: 105 | D56: 93 | E56: 80 | F56: 106 | G56: 123 | H56: 122 | I56: 134 | J56: 110 | K56: 162 | L56: 171 | M56: 126 | N56: 137 | O56: 107 | P56: 136 | Q56: 144 | R56: 171 | S56: 81 | T56: 124 | U56: 97 | V56: 81 | W56: 82 | X56: 161 | Y56: 140 | Z56: 166 | AA56: 150 | AB56: 97 | AC56: 89 | AD56: 90 | AE56: 101 | AF56: 142 | AG56: 129 | AH56: 62 | AI56: 35 | AJ56: 40 | AK56: 27
A57: exp_tot_act_R0 | B57: 219
A58: exp_tot_act_R1 | B58: 2220
A59: exp_tot_act_R2 | B59: 1006
A60: exp_tot_act_R3 | B60: 552
A61: exp_total_of_all_regions_activity | B61: 3997
A62: Total_number_of_frames: | B62: 1801
A63: Number_of_movement_frames: | B63: 1648
A64: Number_of_non-movement_frames: | B64: 144
A65: Inactivity_by_epoch: | B65: 18 | C65: 7 | D65: 2 | E65: 4 | F65: 1 | G65: 1 | H65: 0 | I65: 0 | J65: 0 | K65: 0 | L65: 0 | M65: 0 | N65: 0 | O65: 1 | P65: 0 | Q65: 0 | R65: 0 | S65: 3 | T65: 1 | U65: 0 | V65: 5 | W65: 1 | X65: 0 | Y65: 1 | Z65: 0 | AA65: 3 | AB65: 16 | AC65: 3 | AD65: 0 | AE65: 6 | AF65: 0 | AG65: 0 | AH65: 5 | AI65: 21 | AJ65: 20 | AK65: 25
A66: Total_number_of_VALID_frames: | B66: 1792
A67: Proportion_of_VALID_frames: | B67: 0.99500275
A68: Invalid_frame_count_(incorrect_or_too_many_contours): | B68: 9
A69: Proportion_of_Invalid_frames: | B69: 0.0049972236
A70: Rejected_contour_count_outisde_regions: | B70: 0
A71: Rejected_contour_count_outisde_mask: | B71: 52
A72: Rejected_contour_count_too_small: | B72: 3219
A73: Rejected_contour_count_too_large: | B73: 6
A76: Video_File_Analysed | B76: IMG_0082_FA_P3_180123-16.mp4
A77: R0 | B77: 13 | C77: 0 | D77: 0 | E77: 1 | F77: 10 | G77: 34 | H77: 26 | I77: 3 | J77: 0 | K77: 1 | L77: 3 | M77: 0 | N77: 0 | O77: 0 | P77: 0 | Q77: 3 | R77: 0 | S77: 0 | T77: 7 | U77: 36 | V77: 7 | W77: 11 | X77: 13 | Y77: 6 | Z77: 7 | AA77: 19 | AB77: 1 | AC77: 31 | AD77: 0 | AE77: 2 | AF77: 0 | AG77: 0 | AH77: 1 | AI77: 0 | AJ77: 0 | AK77: 5
A78: R1 | B78: 1 | C78: 0 | D78: 0 | E78: 16 | F78: 26 | G78: 19 | H78: 53 | I78: 41 | J78: 0 | K78: 11 | L78: 38 | M78: 19 | N78: 34 | O78: 17 | P78: 5 | Q78: 27 | R78: 64 | S78: 26 | T78: 32 | U78: 39 | V78: 44 | W78: 46 | X78: 69 | Y78: 17 | Z78: 19 | AA78: 2 | AB78: 9 | AC78: 12 | AD78: 18 | AE78: 21 | AF78: 53 | AG78: 85 | AH78: 70 | AI78: 15 | AJ78: 14 | AK78: 30
A79: R2 | B79: 20 | C79: 7 | D79: 3 | E79: 46 | F79: 20 | G79: 25 | H79: 8 | I79: 0 | J79: 0 | K79: 16 | L79: 8 | M79: 30 | N79: 0 | O79: 29 | P79: 15 | Q79: 9 | R79: 0 | S79: 47 | T79: 27 | U79: 14 | V79: 39 | W79: 29 | X79: 51 | Y79: 31 | Z79: 24 | AA79: 28 | AB79: 6 | AC79: 40 | AD79: 78 | AE79: 60 | AF79: 31 | AG79: 8 | AH79: 23 | AI79: 0 | AJ79: 0 | AK79: 10
A80: R3 | B80: 0 | C80: 0 | D80: 1 | E80: 5 | F80: 34 | G80: 52 | H80: 39 | I80: 38 | J80: 44 | K80: 40 | L80: 15 | M80: 48 | N80: 50 | O80: 6 | P80: 0 | Q80: 6 | R80: 40 | S80: 9 | T80: 12 | U80: 12 | V80: 21 | W80: 22 | X80: 48 | Y80: 65 | Z80: 66 | AA80: 11 | AB80: 16 | AC80: 0 | AD80: 3 | AE80: 8 | AF80: 1 | AG80: 10 | AH80: 12 | AI80: 0 | AJ80: 0 | AK80: 12
A81: tot_reg_act_per_matrix | B81: 34 | C81: 7 | D81: 4 | E81: 68 | F81: 90 | G81: 130 | H81: 126 | I81: 82 | J81: 44 | K81: 68 | L81: 64 | M81: 97 | N81: 84 | O81: 52 | P81: 20 | Q81: 45 | R81: 104 | S81: 82 | T81: 78 | U81: 101 | V81: 111 | W81: 108 | X81: 181 | Y81: 119 | Z81: 116 | AA81: 60 | AB81: 32 | AC81: 83 | AD81: 99 | AE81: 91 | AF81: 85 | AG81: 103 | AH81: 106 | AI81: 15 | AJ81: 14 | AK81: 57
A82: exp_tot_act_R0 | B82: 240
A83: exp_tot_act_R1 | B83: 992
A84: exp_tot_act_R2 | B84: 782
A85: exp_tot_act_R3 | B85: 746
A86: exp_total_of_all_regions_activity | B86: 2760
A87: Total_number_of_frames: | B87: 1801
A88: Number_of_movement_frames: | B88: 1471
A89: Number_of_non-movement_frames: | B89: 324
A90: Inactivity_by_epoch: | B90: 15 | C90: 45 | D90: 46 | E90: 8 | F90: 1 | G90: 0 | H90: 0 | I90: 14 | J90: 8 | K90: 12 | L90: 5 | M90: 0 | N90: 0 | O90: 6 | P90: 38 | Q90: 7 | R90: 0 | S90: 1 | T90: 0 | U90: 0 | V90: 2 | W90: 0 | X90: 0 | Y90: 0 | Z90: 0 | AA90: 10 | AB90: 29 | AC90: 0 | AD90: 0 | AE90: 1 | AF90: 2 | AG90: 0 | AH90: 1 | AI90: 37 | AJ90: 35 | AK90: 1
A91: Total_number_of_VALID_frames: | B91: 1795
A92: Proportion_of_VALID_frames: | B92: 0.9966685
A93: Invalid_frame_count_(incorrect_or_too_many_contours): | B93: 6
A94: Proportion_of_Invalid_frames: | B94: 0.003331482
A95: Rejected_contour_count_outisde_regions: | B95: 0
A96: Rejected_contour_count_outisde_mask: | B96: 3
A97: Rejected_contour_count_too_small: | B97: 2601
A98: Rejected_contour_count_too_large: | B98: 2
A101: Video_File_Analysed | B101: IMG_0083_FA_P3_180123-17.mp4
A102: R0 | B102: 23 | C102: 12 | D102: 8 | E102: 0 | F102: 0 | G102: 0 | H102: 0 | I102: 0 | J102: 0 | K102: 0 | L102: 0 | M102: 5 | N102: 7 | O102: 3 | P102: 0 | Q102: 0 | R102: 0 | S102: 0 | T102: 4 | U102: 0 | V102: 0 | W102: 2 | X102: 9 | Y102: 0 | Z102: 0 | AA102: 5 | AB102: 3 | AC102: 0 | AD102: 0 | AE102: 0 | AF102: 0 | AG102: 0 | AH102: 0 | AI102: 1 | AJ102: 0 | AK102: 0
A103: R1 | B103: 19 | C103: 37 | D103: 22 | E103: 3 | F103: 13 | G103: 0 | H103: 0 | I103: 0 | J103: 33 | K103: 50 | L103: 25 | M103: 37 | N103: 41 | O103: 27 | P103: 27 | Q103: 1 | R103: 0 | S103: 25 | T103: 63 | U103: 5 | V103: 44 | W103: 66 | X103: 85 | Y103: 70 | Z103: 54 | AA103: 52 | AB103: 30 | AC103: 25 | AD103: 33 | AE103: 41 | AF103: 20 | AG103: 62 | AH103: 0 | AI103: 29 | AJ103: 41 | AK103: 69
A104: R2 | B104: 3 | C104: 20 | D104: 15 | E104: 39 | F104: 0 | G104: 0 | H104: 0 | I104: 0 | J104: 12 | K104: 0 | L104: 4 | M104: 24 | N104: 21 | O104: 33 | P104: 42 | Q104: 35 | R104: 30 | S104: 50 | T104: 20 | U104: 81 | V104: 26 | W104: 67 | X104: 61 | Y104: 31 | Z104: 22 | AA104: 6 | AB104: 8 | AC104: 1 | AD104: 13 | AE104: 17 | AF104: 2 | AG104: 11 | AH104: 15 | AI104: 2 | AJ104: 4 | AK104: 14
A105: R3 | B105: 0 | C105: 5 | D105: 5 | E105: 7 | F105: 0 | G105: 0 | H105: 0 | I105: 0 | J105: 0 | K105: 0 | L105: 0 | M105: 0 | N105: 0 | O105: 5 | P105: 4 | Q105: 17 | R105: 21 | S105: 1 | T105: 2 | U105: 0 | V105: 4 | W105: 7 | X105: 6 | Y105: 3 | Z105: 24 | AA105: 20 | AB105: 0 | AC105: 1 | AD105: 14 | AE105: 26 | AF105: 46 | AG105: 42 | AH105: 56 | AI105: 25 | AJ105: 0 | AK105: 0
A106: tot_reg_act_per_matrix | B106: 45 | C106: 74 | D106: 50 | E106: 49 | F106: 13 | G106: 0 | H106: 0 | I106: 0 | J106: 45 | K106: 50 | L106: 29 | M106: 66 | N106: 69 | O106: 68 | P106: 73 | Q106: 53 | R106: 51 | S106: 76 | T106: 89 | U106: 86 | V106: 74 | W106: 142 | X106: 161 | Y106: 104 | Z106: 100 | AA106: 83 | AB106: 41 | AC106: 27 | AD106: 60 | AE106: 84 | AF106: 68 | AG106: 115 | AH106: 71 | AI106: 57 | AJ106: 45 | AK106: 83
A107: exp_tot_act_R0 | B107: 82
A108: exp_tot_act_R1 | B108: 1149
...

Sheet C
A1: Video_File_Analysed | B1: IMG_0062_FA_OSP_071222.mp4
A2: R0 | B2: 0 | C2: 0 | D2: 0 | E2: 1 | F2: 0 | G2: 1 | H2: 0 | I2: 11 | J2: 0 | K2: 0 | L2: 0 | M2: 0 | N2: 0 | O2: 0 | P2: 2 | Q2: 0 | R2: 0 | S2: 1 | T2: 0 | U2: 0 | V2: 0 | W2: 0 | X2: 0 | Y2: 0 | Z2: 0 | AA2: 0 | AB2: 0 | AC2: 0 | AD2: 0 | AE2: 0 | AF2: 0 | AG2: 0 | AH2: 0 | AI2: 7 | AJ2: 2 | AK2: 0
A3: R1 | B3: 89 | C3: 80 | D3: 121 | E3: 121 | F3: 65 | G3: 81 | H3: 12 | I3: 48 | J3: 14 | K3: 32 | L3: 9 | M3: 25 | N3: 0 | O3: 16 | P3: 100 | Q3: 70 | R3: 2 | S3: 97 | T3: 104 | U3: 48 | V3: 0 | W3: 7 | X3: 21 | Y3: 14 | Z3: 0 | AA3: 0 | AB3: 17 | AC3: 11 | AD3: 0 | AE3: 78 | AF3: 89 | AG3: 20 | AH3: 29 | AI3: 6 | AJ3: 48 | AK3: 56
A4: R2 | B4: 17 | C4: 31 | D4: 17 | E4: 10 | F4: 12 | G4: 23 | H4: 34 | I4: 15 | J4: 30 | K4: 44 | L4: 2 | M4: 3 | N4: 0 | O4: 0 | P4: 19 | Q4: 15 | R4: 0 | S4: 10 | T4: 0 | U4: 17 | V4: 0 | W4: 1 | X4: 0 | Y4: 0 | Z4: 0 | AA4: 0 | AB4: 0 | AC4: 0 | AD4: 0 | AE4: 1 | AF4: 0 | AG4: 0 | AH4: 0 | AI4: 14 | AJ4: 0 | AK4: 0
A5: R3 | B5: 10 | C5: 6 | D5: 9 | E5: 0 | F5: 0 | G5: 0 | H5: 17 | I5: 10 | J5: 14 | K5: 18 | L5: 0 | M5: 0 | N5: 0 | O5: 0 | P5: 17 | Q5: 0 | R5: 0 | S5: 6 | T5: 0 | U5: 1 | V5: 0 | W5: 0 | X5: 0 | Y5: 0 | Z5: 0 | AA5: 0 | AB5: 0 | AC5: 0 | AD5: 0 | AE5: 0 | AF5: 0 | AG5: 0 | AH5: 0 | AI5: 16 | AJ5: 0 | AK5: 0
A6: tot_reg_act_per_matrix | B6: 116 | C6: 117 | D6: 147 | E6: 132 | F6: 77 | G6: 105 | H6: 63 | I6: 84 | J6: 58 | K6: 94 | L6: 11 | M6: 28 | N6: 0 | O6: 16 | P6: 138 | Q6: 85 | R6: 2 | S6: 114 | T6: 104 | U6: 66 | V6: 0 | W6: 8 | X6: 21 | Y6: 14 | Z6: 0 | AA6: 0 | AB6: 17 | AC6: 11 | AD6: 0 | AE6: 79 | AF6: 89 | AG6: 20 | AH6: 29 | AI6: 43 | AJ6: 50 | AK6: 56
A7: exp_tot_act_R0 | B7: 25
A8: exp_tot_act_R1 | B8: 1530
A9: exp_tot_act_R2 | B9: 315
A10: exp_tot_act_R3 | B10: 124
A11: exp_total_of_all_regions_activity | B11: 1994
A12: Total_number_of_frames: | B12: 1801
A13: Number_of_movement_frames: | B13: 1070
A14: Number_of_non-movement_frames: | B14: 731
A15: Inactivity_by_epoch: | B15: 5 | C15: 0 | D15: 1 | E15: 0 | F15: 0 | G15: 0 | H15: 3 | I15: 0 | J15: 4 | K15: 8 | L15: 41 | M15: 27 | N15: 50 | O15: 38 | P15: 3 | Q15: 12 | R15: 46 | S15: 0 | T15: 1 | U15: 17 | V15: 50 | W15: 40 | X15: 31 | Y15: 36 | Z15: 50 | AA15: 50 | AB15: 33 | AC15: 39 | AD15: 50 | AE15: 1 | AF15: 0 | AG15: 35 | AH15: 30 | AI15: 9 | AJ15: 10 | AK15: 11
A16: Total_number_of_VALID_frames: | B16: 1801
A17: Proportion_of_VALID_frames: | B17: 1
A18: Invalid_frame_count_(incorrect_or_too_many_contours): | B18: 0
A19: Proportion_of_Invalid_frames: | B19: 0
A20: Rejected_contour_count_outisde_regions: | B20: 0
A21: Rejected_contour_count_outisde_mask: | B21: 12
A22: Rejected_contour_count_too_small: | B22: 2106
A23: Rejected_contour_count_too_large: | B23: 0
A26: Video_File_Analysed | B26: IMG_0063_FA_OSP_071222.mp4
A27: R0 | B27: 0 | C27: 2 | D27: 3 | E27: 11 | F27: 0 | G27: 3 | H27: 0 | I27: 0 | J27: 0 | K27: 0 | L27: 0 | M27: 0 | N27: 0 | O27: 0 | P27: 0 | Q27: 2 | R27: 1 | S27: 0 | T27: 0 | U27: 0 | V27: 0 | W27: 0 | X27: 0 | Y27: 0 | Z27: 0 | AA27: 0 | AB27: 0 | AC27: 10 | AD27: 4 | AE27: 0 | AF27: 0 | AG27: 0 | AH27: 0 | AI27: 0 | AJ27: 0 | AK27: 0
A28: R1 | B28: 58 | C28: 101 | D28: 117 | E28: 110 | F28: 71 | G28: 38 | H28: 44 | I28: 55 | J28: 42 | K28: 30 | L28: 33 | M28: 95 | N28: 55 | O28: 28 | P28: 58 | Q28: 17 | R28: 32 | S28: 2 | T28: 0 | U28: 0 | V28: 0 | W28: 0 | X28: 0 | Y28: 11 | Z28: 0 | AA28: 25 | AB28: 21 | AC28: 55 | AD28: 127 | AE28: 85 | AF28: 16 | AG28: 76 | AH28: 82 | AI28: 7 | AJ28: 0 | AK28: 10
A29: R2 | B29: 22 | C29: 23 | D29: 40 | E29: 12 | F29: 0 | G29: 67 | H29: 58 | I29: 22 | J29: 33 | K29: 14 | L29: 66 | M29: 44 | N29: 0 | O29: 6 | P29: 29 | Q29: 19 | R29: 6 | S29: 0 | T29: 0 | U29: 0 | V29: 0 | W29: 0 | X29: 0 | Y29: 0 | Z29: 0 | AA29: 0 | AB29: 0 | AC29: 0 | AD29: 0 | AE29: 0 | AF29: 0 | AG29: 0 | AH29: 0 | AI29: 0 | AJ29: 0 | AK29: 0
A30: R3 | B30: 5 | C30: 20 | D30: 15 | E30: 18 | F30: 0 | G30: 0 | H30: 11 | I30: 42 | J30: 11 | K30: 26 | L30: 6 | M30: 0 | N30: 0 | O30: 0 | P30: 14 | Q30: 3 | R30: 0 | S30: 0 | T30: 0 | U30: 0 | V30: 0 | W30: 0 | X30: 0 | Y30: 0 | Z30: 0 | AA30: 0 | AB30: 0 | AC30: 0 | AD30: 0 | AE30: 0 | AF30: 0 | AG30: 0 | AH30: 0 | AI30: 0 | AJ30: 0 | AK30: 0
A31: tot_reg_act_per_matrix | B31: 85 | C31: 146 | D31: 175 | E31: 151 | F31: 71 | G31: 108 | H31: 113 | I31: 119 | J31: 86 | K31: 70 | L31: 105 | M31: 139 | N31: 55 | O31: 34 | P31: 101 | Q31: 41 | R31: 39 | S31: 2 | T31: 0 | U31: 0 | V31: 0 | W31: 0 | X31: 0 | Y31: 11 | Z31: 0 | AA31: 25 | AB31: 21 | AC31: 65 | AD31: 131 | AE31: 85 | AF31: 16 | AG31: 76 | AH31: 82 | AI31: 7 | AJ31: 0 | AK31: 10
A32: exp_tot_act_R0 | B32: 36
A33: exp_tot_act_R1 | B33: 1501
A34: exp_tot_act_R2 | B34: 461
A35: exp_tot_act_R3 | B35: 171
A36: exp_total_of_all_regions_activity | B36: 2169
A37: Total_number_of_frames: | B37: 1801
A38: Number_of_movement_frames: | B38: 1082
A39: Number_of_non-movement_frames: | B39: 717
A40: Inactivity_by_epoch: | B40: 13 | C40: 0 | D40: 0 | E40: 0 | F40: 6 | G40: 0 | H40: 0 | I40: 0 | J40: 0 | K40: 0 | L40: 6 | M40: 0 | N40: 11 | O40: 27 | P40: 0 | Q40: 9 | R40: 14 | S40: 48 | T40: 50 | U40: 50 | V40: 50 | W40: 50 | X40: 50 | Y40: 39 | Z40: 50 | AA40: 23 | AB40: 30 | AC40: 2 | AD40: 0 | AE40: 4 | AF40: 38 | AG40: 3 | AH40: 9 | AI40: 43 | AJ40: 50 | AK40: 42
A41: Total_number_of_VALID_frames: | B41: 1799
A42: Proportion_of_VALID_frames: | B42: 0.9988895
A43: Invalid_frame_count_(incorrect_or_too_many_contours): | B43: 2
A44: Proportion_of_Invalid_frames: | B44: 0.0011104941
A45: Rejected_contour_count_outisde_regions: | B45: 0
A46: Rejected_contour_count_outisde_mask: | B46: 5
A47: Rejected_contour_count_too_small: | B47: 2317
A48: Rejected_contour_count_too_large: | B48: 0
A51: Video_File_Analysed | B51: IMG_0064_FA_OSP_071222.mp4
A52: R0 | B52: 0 | C52: 0 | D52: 0 | E52: 7 | F52: 4 | G52: 0 | H52: 5 | I52: 0 | J52: 0 | K52: 0 | L52: 8 | M52: 0 | N52: 0 | O52: 0 | P52: 0 | Q52: 0 | R52: 0 | S52: 0 | T52: 0 | U52: 2 | V52: 0 | W52: 0 | X52: 0 | Y52: 0 | Z52: 0 | AA52: 0 | AB52: 0 | AC52: 0 | AD52: 0 | AE52: 0 | AF52: 0 | AG52: 0 | AH52: 0 | AI52: 0 | AJ52: 0 | AK52: 0
A53: R1 | B53: 40 | C53: 58 | D53: 73 | E53: 65 | F53: 73 | G53: 18 | H53: 66 | I53: 59 | J53: 44 | K53: 53 | L53: 80 | M53: 39 | N53: 0 | O53: 0 | P53: 32 | Q53: 40 | R53: 64 | S53: 22 | T53: 0 | U53: 21 | V53: 33 | W53: 83 | X53: 85 | Y53: 50 | Z53: 16 | AA53: 58 | AB53: 0 | AC53: 25 | AD53: 28 | AE53: 43 | AF53: 6 | AG53: 58 | AH53: 72 | AI53: 96 | AJ53: 115 | AK53: 68
A54: R2 | B54: 27 | C54: 21 | D54: 16 | E54: 31 | F54: 32 | G54: 37 | H54: 35 | I54: 80 | J54: 48 | K54: 41 | L54: 9 | M54: 10 | N54: 19 | O54: 0 | P54: 0 | Q54: 15 | R54: 26 | S54: 3 | T54: 16 | U54: 26 | V54: 41 | W54: 0 | X54: 0 | Y54: 0 | Z54: 0 | AA54: 0 | AB54: 0 | AC54: 0 | AD54: 0 | AE54: 0 | AF54: 0 | AG54: 0 | AH54: 0 | AI54: 0 | AJ54: 0 | AK54: 1
A55: R3 | B55: 0 | C55: 0 | D55: 39 | E55: 45 | F55: 43 | G55: 78 | H55: 35 | I55: 29 | J55: 10 | K55: 9 | L55: 25 | M55: 18 | N55: 0 | O55: 0 | P55: 0 | Q55: 5 | R55: 4 | S55: 0 | T55: 3 | U55: 5 | V55: 16 | W55: 0 | X55: 0 | Y55: 0 | Z55: 0 | AA55: 0 | AB55: 0 | AC55: 0 | AD55: 0 | AE55: 0 | AF55: 0 | AG55: 0 | AH55: 0 | AI55: 0 | AJ55: 0 | AK55: 0
A56: tot_reg_act_per_matrix | B56: 67 | C56: 79 | D56: 128 | E56: 148 | F56: 152 | G56: 133 | H56: 141 | I56: 168 | J56: 102 | K56: 103 | L56: 122 | M56: 67 | N56: 19 | O56: 0 | P56: 32 | Q56: 60 | R56: 94 | S56: 25 | T56: 19 | U56: 54 | V56: 90 | W56: 83 | X56: 85 | Y56: 50 | Z56: 16 | AA56: 58 | AB56: 0 | AC56: 25 | AD56: 28 | AE56: 43 | AF56: 6 | AG56: 58 | AH56: 72 | AI56: 96 | AJ56: 115 | AK56: 69
A57: exp_tot_act_R0 | B57: 26
A58: exp_tot_act_R1 | B58: 1683
A59: exp_tot_act_R2 | B59: 534
A60: exp_tot_act_R3 | B60: 364
A61: exp_total_of_all_regions_activity | B61: 2607
A62: Total_number_of_frames: | B62: 1801
A63: Number_of_movement_frames: | B63: 1313
A64: Number_of_non-movement_frames: | B64: 473
A65: Inactivity_by_epoch: | B65: 13 | C65: 1 | D65: 0 | E65: 0 | F65: 0 | G65: 1 | H65: 1 | I65: 1 | J65: 0 | K65: 0 | L65: 0 | M65: 5 | N65: 33 | O65: 50 | P65: 26 | Q65: 4 | R65: 2 | S65: 30 | T65: 32 | U65: 6 | V65: 4 | W65: 2 | X65: 2 | Y65: 11 | Z65: 37 | AA65: 10 | AB65: 50 | AC65: 25 | AD65: 27 | AE65: 16 | AF65: 46 | AG65: 14 | AH65: 6 | AI65: 6 | AJ65: 7 | AK65: 5
A66: Total_number_of_VALID_frames: | B66: 1786
A67: Proportion_of_VALID_frames: | B67: 0.99167126
A68: Invalid_frame_count_(incorrect_or_too_many_contours): | B68: 15
A69: Proportion_of_Invalid_frames: | B69: 0.008328706
A70: Rejected_contour_count_outisde_regions: | B70: 0
A71: Rejected_contour_count_outisde_mask: | B71: 6
A72: Rejected_contour_count_too_small: | B72: 2628
A73: Rejected_contour_count_too_large: | B73: 0
A76: Video_File_Analysed | B76: IMG_0079_FA_OSP_180123-13.mp4
A77: R0 | B77: 1 | C77: 0 | D77: 3 | E77: 1 | F77: 0 | G77: 0 | H77: 3 | I77: 0 | J77: 0 | K77: 0 | L77: 0 | M77: 0 | N77: 0 | O77: 0 | P77: 0 | Q77: 0 | R77: 0 | S77: 0 | T77: 0 | U77: 0 | V77: 1 | W77: 0 | X77: 0 | Y77: 0 | Z77: 0 | AA77: 2 | AB77: 0 | AC77: 0 | AD77: 2 | AE77: 1 | AF77: 0 | AG77: 6 | AH77: 0 | AI77: 0 | AJ77: 0 | AK77: 0
A78: R1 | B78: 48 | C78: 56 | D78: 50 | E78: 123 | F78: 132 | G78: 129 | H78: 43 | I78: 86 | J78: 15 | K78: 45 | L78: 91 | M78: 31 | N78: 26 | O78: 115 | P78: 125 | Q78: 28 | R78: 11 | S78: 13 | T78: 79 | U78: 106 | V78: 87 | W78: 32 | X78: 26 | Y78: 42 | Z78: 37 | AA78: 59 | AB78: 37 | AC78: 68 | AD78: 64 | AE78: 120 | AF78: 80 | AG78: 34 | AH78: 15 | AI78: 0 | AJ78: 7 | AK78: 37
A79: R2 | B79: 31 | C79: 1 | D79: 8 | E79: 21 | F79: 3 | G79: 22 | H79: 37 | I79: 46 | J79: 47 | K79: 65 | L79: 50 | M79: 48 | N79: 13 | O79: 14 | P79: 0 | Q79: 0 | R79: 0 | S79: 0 | T79: 9 | U79: 4 | V79: 0 | W79: 0 | X79: 0 | Y79: 2 | Z79: 0 | AA79: 0 | AB79: 19 | AC79: 0 | AD79: 0 | AE79: 13 | AF79: 14 | AG79: 0 | AH79: 0 | AI79: 0 | AJ79: 0 | AK79: 13
A80: R3 | B80: 2 | C80: 0 | D80: 1 | E80: 4 | F80: 0 | G80: 3 | H80: 0 | I80: 0 | J80: 0 | K80: 4 | L80: 0 | M80: 0 | N80: 7 | O80: 0 | P80: 0 | Q80: 0 | R80: 0 | S80: 0 | T80: 0 | U80: 0 | V80: 0 | W80: 0 | X80: 0 | Y80: 0 | Z80: 0 | AA80: 0 | AB80: 0 | AC80: 0 | AD80: 0 | AE80: 0 | AF80: 0 | AG80: 0 | AH80: 0 | AI80: 0 | AJ80: 0 | AK80: 8
A81: tot_reg_act_per_matrix | B81: 82 | C81: 57 | D81: 62 | E81: 149 | F81: 135 | G81: 154 | H81: 83 | I81: 132 | J81: 62 | K81: 114 | L81: 141 | M81: 79 | N81: 46 | O81: 129 | P81: 125 | Q81: 28 | R81: 11 | S81: 13 | T81: 88 | U81: 110 | V81: 88 | W81: 32 | X81: 26 | Y81: 44 | Z81: 37 | AA81: 61 | AB81: 56 | AC81: 68 | AD81: 66 | AE81: 134 | AF81: 94 | AG81: 40 | AH81: 15 | AI81: 0 | AJ81: 7 | AK81: 58
A82: exp_tot_act_R0 | B82: 20
A83: exp_tot_act_R1 | B83: 2097
A84: exp_tot_act_R2 | B84: 480
A85: exp_tot_act_R3 | B85: 29
A86: exp_total_of_all_regions_activity | B86: 2626
A87: Total_number_of_frames: | B87: 1801
A88: Number_of_movement_frames: | B88: 1378
A89: Number_of_non-movement_frames: | B89: 419
A90: Inactivity_by_epoch: | B90: 9 | C90: 3 | D90: 8 | E90: 0 | F90: 0 | G90: 0 | H90: 4 | I90: 0 | J90: 7 | K90: 0 | L90: 0 | M90: 0 | N90: 11 | O90: 4 | P90: 0 | Q90: 30 | R90: 40 | S90: 39 | T90: 2 | U90: 0 | V90: 5 | W90: 18 | X90: 26 | Y90: 16 | Z90: 14 | AA90: 17 | AB90: 8 | AC90: 5 | AD90: 3 | AE90: 0 | AF90: 5 | AG90: 10 | AH90: 36 | AI90: 50 | AJ90: 42 | AK90: 7
A91: Total_number_of_VALID_frames: | B91: 1797
A92: Proportion_of_VALID_frames: | B92: 0.997779
A93: Invalid_frame_count_(incorrect_or_too_many_contours): | B93: 4
A94: Proportion_of_Invalid_frames: | B94: 0.002220988
A95: Rejected_contour_count_outisde_regions: | B95: 0
A96: Rejected_contour_count_outisde_mask: | B96: 0
A97: Rejected_contour_count_too_small: | B97: 2631
A98: Rejected_contour_count_too_large: | B98: 4
A101: Video_File_Analysed | B101: IMG_0080_FA_OSP_180123-14.mp4
A102: R0 | B102: 0 | C102: 0 | D102: 4 | E102: 1 | F102: 0 | G102: 0 | H102: 1 | I102: 1 | J102: 0 | K102: 0 | L102: 3 | M102: 1 | N102: 0 | O102: 0 | P102: 3 | Q102: 0 | R102: 0 | S102: 0 | T102: 0 | U102: 0 | V102: 0 | W102: 2 | X102: 2 | Y102: 0 | Z102: 0 | AA102: 0 | AB102: 0 | AC102: 0 | AD102: 0 | AE102: 0 | AF102: 0 | AG102: 0 | AH102: 0 | AI102: 0 | AJ102: 0 | AK102: 0
A103: R1 | B103: 0 | C103: 32 | D103: 80 | E103: 44 | F103: 99 | G103: 87 | H103: 83 | I103: 51 | J103: 96 | K103: 112 | L103: 66 | M103: 59 | N103: 29 | O103: 14 | P103: 117 | Q103: 93 | R103: 75 | S103: 46 | T103: 22 | U103: 19 | V103: 33 | W103: 96 | X103: 21 | Y103: 23 | Z103: 24 | AA103: 0 | AB103: 39 | AC103: 84 | AD103: 55 | AE103: 56 | AF103: 30 | AG103: 22 | AH103: 7 | AI103: 129 | AJ103: 106 | AK103: 16
A104: R2 | B104: 32 | C104: 11 | D104: 41 | E104: 82 | F104: 35 | G104: 35 | H104: 26 | I104: 16 | J104: 23 | K104: 22 | L104: 18 | M104: 26 | N104: 0 | O104: 0 | P104: 20 | Q104: 7 | R104: 10 | S104: 2 | T104: 0 | U104: 0 | V104: 12 | W104: 4 | X104: 1 | Y104: 0 | Z104: 0 | AA104: 0 | AB104: 2 | AC104: 0 | AD104: 0 | AE104: 2 | AF104: 15 | AG104: 0 | AH104: 14 | AI104: 6 | AJ104: 0 | AK104: 0
A105: R3 | B105: 0 | C105: 0 | D105: 6 | E105: 0 | F105: 0 | G105: 6 | H105: 3 | I105: 6 | J105: 31 | K105: 3 | L105: 5 | M105: 3 | N105: 0 | O105: 0 | P105: 8 | Q105: 7 | R105: 6 | S105: 0 | T105: 0 | U105: 0 | V105: 0 | W105: 0 | X105: 0 | Y105: 0 | Z105: 0 | AA105: 0 | AB105: 0 | AC105: 0 | AD105: 0 | AE105: 0 | AF105: 0 | AG105: 0 | AH105: 0 | AI105: 0 | AJ105: 17 | AK105: 27
A106: tot_reg_act_per_matrix | B106: 32 | C106: 43 | D106: 131 | E106: 127 | F106: 134 | G106: 128 | H106: 113 | I106: 74 | J106: 150 | K106: 137 | L106: 92 | M106: 89 | N106: 29 | O106: 14 | P106: 148 | Q106: 107 | R106: 91 | S106: 48 | T106: 22 | U106: 19 | V106: 45 | W106: 102 | X106: 24 | Y106: 23 | Z106: 24 | AA106: 0 | AB106: 41 | AC106: 84 | AD106: 55 | AE106: 58 | AF106: 45 | AG106: 22 | AH106: 21 | AI106: 135 | AJ106: 123 | AK106: 43
A107: exp_tot_act_R0 | B107: 18
A108: exp_tot_act_R1 | B108: 1965
...

Sheet D

Sheet E
A1: Video_File_Analysed | B1: IMG_0046_FU_UT_051222.mp4
A2: R0 | B2: 0 | C2: 0 | D2: 10 | E2: 0 | F2: 0 | G2: 1 | H2: 0 | I2: 0 | J2: 0 | K2: 4 | L2: 0 | M2: 16 | N2: 3 | O2: 1 | P2: 0 | Q2: 0 | R2: 16 | S2: 5 | T2: 6 | U2: 2 | V2: 1 | W2: 1 | X2: 6 | Y2: 2 | Z2: 0 | AA2: 0 | AB2: 0 | AC2: 11 | AD2: 0 | AE2: 0 | AF2: 0 | AG2: 0 | AH2: 0 | AI2: 0 | AJ2: 0 | AK2: 0
A3: R1 | B3: 42 | C3: 0 | D3: 33 | E3: 39 | F3: 83 | G3: 63 | H3: 22 | I3: 33 | J3: 34 | K3: 36 | L3: 38 | M3: 3 | N3: 32 | O3: 17 | P3: 23 | Q3: 24 | R3: 48 | S3: 33 | T3: 5 | U3: 19 | V3: 36 | W3: 41 | X3: 12 | Y3: 76 | Z3: 44 | AA3: 2 | AB3: 68 | AC3: 22 | AD3: 0 | AE3: 0 | AF3: 30 | AG3: 0 | AH3: 13 | AI3: 69 | AJ3: 0 | AK3: 0
A4: R2 | B4: 0 | C4: 0 | D4: 0 | E4: 18 | F4: 22 | G4: 58 | H4: 9 | I4: 41 | J4: 31 | K4: 39 | L4: 18 | M4: 22 | N4: 4 | O4: 22 | P4: 73 | Q4: 40 | R4: 0 | S4: 0 | T4: 12 | U4: 19 | V4: 22 | W4: 8 | X4: 11 | Y4: 11 | Z4: 12 | AA4: 63 | AB4: 20 | AC4: 7 | AD4: 0 | AE4: 0 | AF4: 25 | AG4: 4 | AH4: 18 | AI4: 27 | AJ4: 0 | AK4: 0
A5: R3 | B5: 8 | C5: 0 | D5: 21 | E5: 5 | F5: 0 | G5: 14 | H5: 10 | I5: 1 | J5: 0 | K5: 2 | L5: 5 | M5: 21 | N5: 0 | O5: 0 | P5: 0 | Q5: 21 | R5: 0 | S5: 0 | T5: 0 | U5: 2 | V5: 1 | W5: 0 | X5: 0 | Y5: 3 | Z5: 0 | AA5: 24 | AB5: 3 | AC5: 19 | AD5: 3 | AE5: 0 | AF5: 2 | AG5: 0 | AH5: 16 | AI5: 0 | AJ5: 0 | AK5: 0
A6: tot_reg_act_per_matrix | B6: 50 | C6: 0 | D6: 64 | E6: 62 | F6: 105 | G6: 136 | H6: 41 | I6: 75 | J6: 65 | K6: 81 | L6: 61 | M6: 62 | N6: 39 | O6: 40 | P6: 96 | Q6: 85 | R6: 64 | S6: 38 | T6: 23 | U6: 42 | V6: 60 | W6: 50 | X6: 29 | Y6: 92 | Z6: 56 | AA6: 89 | AB6: 91 | AC6: 59 | AD6: 3 | AE6: 0 | AF6: 57 | AG6: 4 | AH6: 47 | AI6: 96 | AJ6: 0 | AK6: 0
A7: exp_tot_act_R0 | B7: 85
A8: exp_tot_act_R1 | B8: 1040
A9: exp_tot_act_R2 | B9: 656
A10: exp_tot_act_R3 | B10: 181
A11: exp_total_of_all_regions_activity | B11: 1962
A12: Total_number_of_frames: | B12: 1801
A13: Number_of_movement_frames: | B13: 1250
A14: Number_of_non-movement_frames: | B14: 550
A15: Inactivity_by_epoch: | B15: 7 | C15: 50 | D15: 13 | E15: 3 | F15: 2 | G15: 0 | H15: 19 | I15: 3 | J15: 6 | K15: 1 | L15: 19 | M15: 13 | N15: 11 | O15: 9 | P15: 0 | Q15: 8 | R15: 0 | S15: 12 | T15: 35 | U15: 10 | V15: 3 | W15: 13 | X15: 37 | Y15: 1 | Z15: 0 | AA15: 3 | AB15: 0 | AC15: 3 | AD15: 49 | AE15: 50 | AF15: 4 | AG15: 48 | AH15: 16 | AI15: 2 | AJ15: 50 | AK15: 50
A16: Total_number_of_VALID_frames: | B16: 1800
A17: Proportion_of_VALID_frames: | B17: 0.9994447
A18: Invalid_frame_count_(incorrect_or_too_many_contours): | B18: 1
A19: Proportion_of_Invalid_frames: | B19: 0.00055524707
A20: Rejected_contour_count_outisde_regions: | B20: 0
A21: Rejected_contour_count_outisde_mask: | B21: 245
A22: Rejected_contour_count_too_small: | B22: 2688
A23: Rejected_contour_count_too_large: | B23: 6
A26: Video_File_Analysed | B26: IMG_0047_FU_UT_051222.mp4
A27: R0 | B27: 1 | C27: 0 | D27: 0 | E27: 0 | F27: 1 | G27: 0 | H27: 2 | I27: 0 | J27: 0 | K27: 3 | L27: 2 | M27: 0 | N27: 0 | O27: 1 | P27: 0 | Q27: 0 | R27: 0 | S27: 0 | T27: 0 | U27: 0 | V27: 3 | W27: 0 | X27: 0 | Y27: 0 | Z27: 2 | AA27: 5 | AB27: 0 | AC27: 0 | AD27: 0 | AE27: 0 | AF27: 0 | AG27: 0 | AH27: 0 | AI27: 0 | AJ27: 0 | AK27: 0
A28: R1 | B28: 55 | C28: 32 | D28: 36 | E28: 23 | F28: 29 | G28: 23 | H28: 41 | I28: 47 | J28: 38 | K28: 64 | L28: 57 | M28: 7 | N28: 0 | O28: 12 | P28: 4 | Q28: 37 | R28: 16 | S28: 0 | T28: 3 | U28: 45 | V28: 74 | W28: 12 | X28: 5 | Y28: 47 | Z28: 77 | AA28: 31 | AB28: 0 | AC28: 6 | AD28: 18 | AE28: 0 | AF28: 31 | AG28: 14 | AH28: 0 | AI28: 0 | AJ28: 0 | AK28: 0
A29: R2 | B29: 5 | C29: 0 | D29: 0 | E29: 14 | F29: 23 | G29: 38 | H29: 50 | I29: 54 | J29: 25 | K29: 47 | L29: 34 | M29: 0 | N29: 0 | O29: 21 | P29: 16 | Q29: 18 | R29: 0 | S29: 0 | T29: 0 | U29: 11 | V29: 16 | W29: 0 | X29: 0 | Y29: 7 | Z29: 25 | AA29: 32 | AB29: 5 | AC29: 12 | AD29: 0 | AE29: 0 | AF29: 0 | AG29: 20 | AH29: 0 | AI29: 0 | AJ29: 0 | AK29: 1
A30: R3 | B30: 1 | C30: 0 | D30: 0 | E30: 0 | F30: 2 | G30: 0 | H30: 5 | I30: 2 | J30: 0 | K30: 9 | L30: 2 | M30: 0 | N30: 0 | O30: 1 | P30: 0 | Q30: 0 | R30: 0 | S30: 0 | T30: 0 | U30: 1 | V30: 2 | W30: 0 | X30: 0 | Y30: 0 | Z30: 11 | AA30: 0 | AB30: 0 | AC30: 0 | AD30: 0 | AE30: 0 | AF30: 0 | AG30: 0 | AH30: 1 | AI30: 0 | AJ30: 0 | AK30: 0
A31: tot_reg_act_per_matrix | B31: 62 | C31: 32 | D31: 36 | E31: 37 | F31: 55 | G31: 61 | H31: 98 | I31: 103 | J31: 63 | K31: 123 | L31: 95 | M31: 7 | N31: 0 | O31: 35 | P31: 20 | Q31: 55 | R31: 16 | S31: 0 | T31: 3 | U31: 57 | V31: 95 | W31: 12 | X31: 5 | Y31: 54 | Z31: 115 | AA31: 68 | AB31: 5 | AC31: 18 | AD31: 18 | AE31: 0 | AF31: 31 | AG31: 34 | AH31: 1 | AI31: 0 | AJ31: 0 | AK31: 1
A32: exp_tot_act_R0 | B32: 20
A33: exp_tot_act_R1 | B33: 884
A34: exp_tot_act_R2 | B34: 474
A35: exp_tot_act_R3 | B35: 37
A36: exp_total_of_all_regions_activity | B36: 1415
A37: Total_number_of_frames: | B37: 1801
A38: Number_of_movement_frames: | B38: 901
A39: Number_of_non-movement_frames: | B39: 900
A40: Inactivity_by_epoch: | B40: 9 | C40: 20 | D40: 12 | E40: 26 | F40: 5 | G40: 12 | H40: 0 | I40: 12 | J40: 11 | K40: 1 | L40: 0 | M40: 45 | N40: 50 | O40: 24 | P40: 32 | Q40: 5 | R40: 36 | S40: 50 | T40: 46 | U40: 1 | V40: 1 | W40: 40 | X40: 45 | Y40: 2 | Z40: 0 | AA40: 0 | AB40: 47 | AC40: 37 | AD40: 34 | AE40: 50 | AF40: 31 | AG40: 18 | AH40: 49 | AI40: 50 | AJ40: 50 | AK40: 49
A41: Total_number_of_VALID_frames: | B41: 1801
A42: Proportion_of_VALID_frames: | B42: 1
A43: Invalid_frame_count_(incorrect_or_too_many_contours): | B43: 0
A44: Proportion_of_Invalid_frames: | B44: 0
A45: Rejected_contour_count_outisde_regions: | B45: 0
A46: Rejected_contour_count_outisde_mask: | B46: 24
A47: Rejected_contour_count_too_small: | B47: 1522
A48: Rejected_contour_count_too_large: | B48: 7
A51: Video_File_Analysed | B51: IMG_0048_FU_UT_051222.mp4
A52: R0 | B52: 2 | C52: 0 | D52: 0 | E52: 0 | F52: 0 | G52: 0 | H52: 0 | I52: 0 | J52: 0 | K52: 0 | L52: 0 | M52: 1 | N52: 0 | O52: 0 | P52: 0 | Q52: 3 | R52: 6 | S52: 0 | T52: 0 | U52: 0 | V52: 0 | W52: 0 | X52: 0 | Y52: 0 | Z52: 0 | AA52: 0 | AB52: 0 | AC52: 0 | AD52: 0 | AE52: 0 | AF52: 0 | AG52: 0 | AH52: 0 | AI52: 0 | AJ52: 0 | AK52: 0
A53: R1 | B53: 31 | C53: 3 | D53: 0 | E53: 0 | F53: 0 | G53: 0 | H53: 0 | I53: 0 | J53: 0 | K53: 0 | L53: 17 | M53: 25 | N53: 0 | O53: 0 | P53: 25 | Q53: 23 | R53: 24 | S53: 9 | T53: 0 | U53: 0 | V53: 0 | W53: 0 | X53: 0 | Y53: 0 | Z53: 0 | AA53: 0 | AB53: 0 | AC53: 0 | AD53: 0 | AE53: 27 | AF53: 2 | AG53: 0 | AH53: 0 | AI53: 0 | AJ53: 0 | AK53: 0
A54: R2 | B54: 39 | C54: 0 | D54: 0 | E54: 13 | F54: 0 | G54: 26 | H54: 0 | I54: 0 | J54: 0 | K54: 0 | L54: 15 | M54: 25 | N54: 1 | O54: 0 | P54: 41 | Q54: 19 | R54: 15 | S54: 24 | T54: 0 | U54: 0 | V54: 0 | W54: 0 | X54: 0 | Y54: 0 | Z54: 0 | AA54: 0 | AB54: 0 | AC54: 0 | AD54: 0 | AE54: 19 | AF54: 52 | AG54: 0 | AH54: 0 | AI54: 0 | AJ54: 0 | AK54: 0
A55: R3 | B55: 5 | C55: 0 | D55: 0 | E55: 0 | F55: 0 | G55: 0 | H55: 0 | I55: 0 | J55: 0 | K55: 0 | L55: 0 | M55: 0 | N55: 0 | O55: 0 | P55: 0 | Q55: 5 | R55: 3 | S55: 2 | T55: 0 | U55: 0 | V55: 0 | W55: 0 | X55: 0 | Y55: 0 | Z55: 0 | AA55: 0 | AB55: 0 | AC55: 0 | AD55: 0 | AE55: 0 | AF55: 25 | AG55: 1 | AH55: 0 | AI55: 0 | AJ55: 0 | AK55: 0
A56: tot_reg_act_per_matrix | B56: 77 | C56: 3 | D56: 0 | E56: 13 | F56: 0 | G56: 26 | H56: 0 | I56: 0 | J56: 0 | K56: 0 | L56: 32 | M56: 51 | N56: 1 | O56: 0 | P56: 66 | Q56: 50 | R56: 48 | S56: 35 | T56: 0 | U56: 0 | V56: 0 | W56: 0 | X56: 0 | Y56: 0 | Z56: 0 | AA56: 0 | AB56: 0 | AC56: 0 | AD56: 0 | AE56: 46 | AF56: 79 | AG56: 1 | AH56: 0 | AI56: 0 | AJ56: 0 | AK56: 0
A57: exp_tot_act_R0 | B57: 12
A58: exp_tot_act_R1 | B58: 186
A59: exp_tot_act_R2 | B59: 289
A60: exp_tot_act_R3 | B60: 41
A61: exp_total_of_all_regions_activity | B61: 528
A62: Total_number_of_frames: | B62: 1801
A63: Number_of_movement_frames: | B63: 429
A64: Number_of_non-movement_frames: | B64: 1372
A65: Inactivity_by_epoch: | B65: 4 | C65: 49 | D65: 50 | E65: 37 | F65: 50 | G65: 24 | H65: 50 | I65: 50 | J65: 50 | K65: 50 | L65: 26 | M65: 1 | N65: 50 | O65: 50 | P65: 6 | Q65: 1 | R65: 2 | S65: 17 | T65: 50 | U65: 50 | V65: 50 | W65: 50 | X65: 50 | Y65: 50 | Z65: 50 | AA65: 50 | AB65: 50 | AC65: 50 | AD65: 50 | AE65: 4 | AF65: 1 | AG65: 50 | AH65: 50 | AI65: 50 | AJ65: 50 | AK65: 50
A66: Total_number_of_VALID_frames: | B66: 1801
A67: Proportion_of_VALID_frames: | B67: 1
A68: Invalid_frame_count_(incorrect_or_too_many_contours): | B68: 0
A69: Proportion_of_Invalid_frames: | B69: 0
A70: Rejected_contour_count_outisde_regions: | B70: 0
A71: Rejected_contour_count_outisde_mask: | B71: 17
A72: Rejected_contour_count_too_small: | B72: 488
A73: Rejected_contour_count_too_large: | B73: 3
A76: Video_File_Analysed | B76: IMG_0066_FU_UT_170123-1.mp4
A77: R0 | B77: 0 | C77: 0 | D77: 0 | E77: 0 | F77: 0 | G77: 0 | H77: 0 | I77: 0 | J77: 0 | K77: 0 | L77: 0 | M77: 0 | N77: 0 | O77: 0 | P77: 0 | Q77: 0 | R77: 0 | S77: 8 | T77: 0 | U77: 0 | V77: 0 | W77: 0 | X77: 0 | Y77: 0 | Z77: 0 | AA77: 0 | AB77: 0 | AC77: 0 | AD77: 0 | AE77: 0 | AF77: 0 | AG77: 0 | AH77: 0 | AI77: 0 | AJ77: 0 | AK77: 0
A78: R1 | B78: 0 | C78: 0 | D78: 0 | E78: 0 | F78: 0 | G78: 0 | H78: 0 | I78: 0 | J78: 0 | K78: 0 | L78: 0 | M78: 0 | N78: 0 | O78: 0 | P78: 0 | Q78: 7 | R78: 18 | S78: 15 | T78: 21 | U78: 9 | V78: 9 | W78: 0 | X78: 0 | Y78: 0 | Z78: 0 | AA78: 0 | AB78: 0 | AC78: 0 | AD78: 0 | AE78: 0 | AF78: 0 | AG78: 0 | AH78: 0 | AI78: 0 | AJ78: 0 | AK78: 0
A79: R2 | B79: 0 | C79: 0 | D79: 0 | E79: 0 | F79: 0 | G79: 0 | H79: 0 | I79: 0 | J79: 0 | K79: 0 | L79: 0 | M79: 0 | N79: 0 | O79: 0 | P79: 0 | Q79: 2 | R79: 17 | S79: 12 | T79: 14 | U79: 0 | V79: 0 | W79: 0 | X79: 0 | Y79: 0 | Z79: 0 | AA79: 0 | AB79: 0 | AC79: 0 | AD79: 0 | AE79: 0 | AF79: 0 | AG79: 0 | AH79: 0 | AI79: 0 | AJ79: 0 | AK79: 0
A80: R3 | B80: 0 | C80: 0 | D80: 0 | E80: 0 | F80: 0 | G80: 0 | H80: 13 | I80: 15 | J80: 0 | K80: 0 | L80: 0 | M80: 0 | N80: 0 | O80: 0 | P80: 0 | Q80: 13 | R80: 5 | S80: 4 | T80: 11 | U80: 0 | V80: 0 | W80: 0 | X80: 0 | Y80: 0 | Z80: 0 | AA80: 0 | AB80: 0 | AC80: 0 | AD80: 0 | AE80: 0 | AF80: 0 | AG80: 0 | AH80: 0 | AI80: 0 | AJ80: 0 | AK80: 0
A81: tot_reg_act_per_matrix | B81: 0 | C81: 0 | D81: 0 | E81: 0 | F81: 0 | G81: 0 | H81: 13 | I81: 15 | J81: 0 | K81: 0 | L81: 0 | M81: 0 | N81: 0 | O81: 0 | P81: 0 | Q81: 22 | R81: 40 | S81: 39 | T81: 46 | U81: 9 | V81: 9 | W81: 0 | X81: 0 | Y81: 0 | Z81: 0 | AA81: 0 | AB81: 0 | AC81: 0 | AD81: 0 | AE81: 0 | AF81: 0 | AG81: 0 | AH81: 0 | AI81: 0 | AJ81: 0 | AK81: 0
A82: exp_tot_act_R0 | B82: 8
A83: exp_tot_act_R1 | B83: 79
A84: exp_tot_act_R2 | B84: 45
A85: exp_tot_act_R3 | B85: 61
A86: exp_total_of_all_regions_activity | B86: 193
A87: Total_number_of_frames: | B87: 1801
A88: Number_of_movement_frames: | B88: 181
A89: Number_of_non-movement_frames: | B89: 1620
A90: Inactivity_by_epoch: | B90: 51 | C90: 50 | D90: 50 | E90: 50 | F90: 50 | G90: 50 | H90: 37 | I90: 35 | J90: 50 | K90: 50 | L90: 50 | M90: 50 | N90: 50 | O90: 50 | P90: 50 | Q90: 34 | R90: 10 | S90: 11 | T90: 10 | U90: 39 | V90: 43 | W90: 50 | X90: 50 | Y90: 50 | Z90: 50 | AA90: 50 | AB90: 50 | AC90: 50 | AD90: 50 | AE90: 50 | AF90: 50 | AG90: 50 | AH90: 50 | AI90: 50 | AJ90: 50 | AK90: 50
A91: Total_number_of_VALID_frames: | B91: 1801
A92: Proportion_of_VALID_frames: | B92: 1
A93: Invalid_frame_count_(incorrect_or_too_many_contours): | B93: 0
A94: Proportion_of_Invalid_frames: | B94: 0
A95: Rejected_contour_count_outisde_regions: | B95: 0
A96: Rejected_contour_count_outisde_mask: | B96: 0
A97: Rejected_contour_count_too_small: | B97: 174
A98: Rejected_contour_count_too_large: | B98: 0
A101: Video_File_Analysed | B101: IMG_0067_FU_UT_170123-2.mp4
A102: R0 | B102: 0 | C102: 1 | D102: 2 | E102: 10 | F102: 4 | G102: 0 | H102: 0 | I102: 3 | J102: 6 | K102: 37 | L102: 9 | M102: 0 | N102: 2 | O102: 9 | P102: 3 | Q102: 7 | R102: 6 | S102: 9 | T102: 26 | U102: 27 | V102: 7 | W102: 9 | X102: 7 | Y102: 6 | Z102: 0 | AA102: 0 | AB102: 0 | AC102: 0 | AD102: 2 | AE102: 0 | AF102: 0 | AG102: 0 | AH102: 0 | AI102: 4 | AJ102: 0 | AK102: 0
A103: R1 | B103: 4 | C103: 1 | D103: 13 | E103: 50 | F103: 29 | G103: 15 | H103: 36 | I103: 38 | J103: 37 | K103: 40 | L103: 12 | M103: 0 | N103: 18 | O103: 7 | P103: 23 | Q103: 19 | R103: 44 | S103: 27 | T103: 31 | U103: 33 | V103: 16 | W103: 30 | X103: 37 | Y103: 9 | Z103: 0 | AA103: 0 | AB103: 0 | AC103: 3 | AD103: 17 | AE103: 0 | AF103: 0 | AG103: 0 | AH103: 4 | AI103: 35 | AJ103: 0 | AK103: 0
A104: R2 | B104: 2 | C104: 8 | D104: 11 | E104: 42 | F104: 46 | G104: 20 | H104: 26 | I104: 44 | J104: 39 | K104: 32 | L104: 0 | M104: 22 | N104: 43 | O104: 36 | P104: 49 | Q104: 37 | R104: 25 | S104: 55 | T104: 33 | U104: 42 | V104: 20 | W104: 32 | X104: 37 | Y104: 25 | Z104: 5 | AA104: 0 | AB104: 28 | AC104: 42 | AD104: 16 | AE104: 4 | AF104: 0 | AG104: 0 | AH104: 11 | AI104: 29 | AJ104: 5 | AK104: 1
A105: R3 | B105: 16 | C105: 14 | D105: 28 | E105: 22 | F105: 25 | G105: 11 | H105: 23 | I105: 20 | J105: 67 | K105: 5 | L105: 36 | M105: 28 | N105: 10 | O105: 8 | P105: 17 | Q105: 14 | R105: 8 | S105: 22 | T105: 1 | U105: 19 | V105: 38 | W105: 10 | X105: 0 | Y105: 9 | Z105: 0 | AA105: 0 | AB105: 0 | AC105: 4 | AD105: 10 | AE105: 20 | AF105: 0 | AG105: 0 | AH105: 25 | AI105: 37 | AJ105: 29 | AK105: 3
A106: tot_reg_act_per_matrix | B106: 22 | C106: 24 | D106: 54 | E106: 124 | F106: 104 | G106: 46 | H106: 85 | I106: 105 | J106: 149 | K106: 114 | L106: 57 | M106: 50 | N106: 73 | O106: 60 | P106: 92 | Q106: 77 | R106: 83 | S106: 113 | T106: 91 | U106: 121 | V106: 81 | W106: 81 | X106: 81 | Y106: 49 | Z106: 5 | AA106: 0 | AB106: 28 | AC106: 49 | AD106: 45 | AE106: 24 | AF106: 0 | AG106: 0 | AH106: 40 | AI106: 105 | AJ106: 34 | AK106: 4
A107: exp_tot_act_R0 | B107: 196
A108: exp_tot_act_R1 | B108: 628
...

Sheet F
A1: Video_File_Analysed | B1: IMG_0049_FU_P3_051222.mp4
A2: R0 | B2: 0 | C2: 0 | D2: 0 | E2: 0 | F2: 0 | G2: 0 | H2: 0 | I2: 0 | J2: 2 | K2: 2 | L2: 2 | M2: 4 | N2: 3 | O2: 3 | P2: 1 | Q2: 0 | R2: 7 | S2: 9 | T2: 0 | U2: 0 | V2: 2 | W2: 2 | X2: 1 | Y2: 0 | Z2: 5 | AA2: 3 | AB2: 0 | AC2: 4 | AD2: 1 | AE2: 1 | AF2: 0 | AG2: 3 | AH2: 0 | AI2: 4 | AJ2: 0 | AK2: 4
A3: R1 | B3: 0 | C3: 0 | D3: 52 | E3: 46 | F3: 42 | G3: 32 | H3: 39 | I3: 57 | J3: 17 | K3: 31 | L3: 49 | M3: 102 | N3: 51 | O3: 27 | P3: 35 | Q3: 16 | R3: 38 | S3: 112 | T3: 36 | U3: 36 | V3: 44 | W3: 42 | X3: 66 | Y3: 63 | Z3: 80 | AA3: 82 | AB3: 42 | AC3: 42 | AD3: 52 | AE3: 46 | AF3: 48 | AG3: 47 | AH3: 42 | AI3: 77 | AJ3: 52 | AK3: 90
A4: R2 | B4: 3 | C4: 11 | D4: 0 | E4: 4 | F4: 2 | G4: 1 | H4: 25 | I4: 41 | J4: 35 | K4: 13 | L4: 55 | M4: 51 | N4: 55 | O4: 51 | P4: 17 | Q4: 35 | R4: 53 | S4: 18 | T4: 41 | U4: 6 | V4: 25 | W4: 29 | X4: 37 | Y4: 23 | Z4: 72 | AA4: 41 | AB4: 43 | AC4: 32 | AD4: 13 | AE4: 33 | AF4: 31 | AG4: 44 | AH4: 52 | AI4: 50 | AJ4: 78 | AK4: 43
A5: R3 | B5: 0 | C5: 0 | D5: 0 | E5: 0 | F5: 0 | G5: 0 | H5: 0 | I5: 3 | J5: 1 | K5: 1 | L5: 7 | M5: 20 | N5: 6 | O5: 6 | P5: 2 | Q5: 0 | R5: 9 | S5: 5 | T5: 6 | U5: 0 | V5: 11 | W5: 2 | X5: 5 | Y5: 35 | Z5: 18 | AA5: 6 | AB5: 5 | AC5: 0 | AD5: 2 | AE5: 2 | AF5: 3 | AG5: 7 | AH5: 1 | AI5: 14 | AJ5: 2 | AK5: 11
A6: tot_reg_act_per_matrix | B6: 3 | C6: 11 | D6: 52 | E6: 50 | F6: 44 | G6: 33 | H6: 64 | I6: 101 | J6: 55 | K6: 47 | L6: 113 | M6: 177 | N6: 115 | O6: 87 | P6: 55 | Q6: 51 | R6: 107 | S6: 144 | T6: 83 | U6: 42 | V6: 82 | W6: 75 | X6: 109 | Y6: 121 | Z6: 175 | AA6: 132 | AB6: 90 | AC6: 78 | AD6: 68 | AE6: 82 | AF6: 82 | AG6: 101 | AH6: 95 | AI6: 145 | AJ6: 132 | AK6: 148
A7: exp_tot_act_R0 | B7: 63
A8: exp_tot_act_R1 | B8: 1733
A9: exp_tot_act_R2 | B9: 1163
A10: exp_tot_act_R3 | B10: 190
A11: exp_total_of_all_regions_activity | B11: 3149
A12: Total_number_of_frames: | B12: 1801
A13: Number_of_movement_frames: | B13: 1544
A14: Number_of_non-movement_frames: | B14: 246
A15: Inactivity_by_epoch: | B15: 46 | C15: 41 | D15: 5 | E15: 11 | F15: 20 | G15: 26 | H15: 7 | I15: 3 | J15: 7 | K15: 6 | L15: 1 | M15: 0 | N15: 2 | O15: 2 | P15: 9 | Q15: 16 | R15: 6 | S15: 0 | T15: 0 | U15: 10 | V15: 13 | W15: 4 | X15: 0 | Y15: 0 | Z15: 0 | AA15: 0 | AB15: 1 | AC15: 3 | AD15: 3 | AE15: 2 | AF15: 1 | AG15: 0 | AH15: 1 | AI15: 0 | AJ15: 0 | AK15: 0
A16: Total_number_of_VALID_frames: | B16: 1790
A17: Proportion_of_VALID_frames: | B17: 0.99389225
A18: Invalid_frame_count_(incorrect_or_too_many_contours): | B18: 11
A19: Proportion_of_Invalid_frames: | B19: 0.0061077178
A20: Rejected_contour_count_outisde_regions: | B20: 0
A21: Rejected_contour_count_outisde_mask: | B21: 37
A22: Rejected_contour_count_too_small: | B22: 2532
A23: Rejected_contour_count_too_large: | B23: 2
A26: Video_File_Analysed | B26: IMG_0050_FU_P3_051222.mp4
A27: R0 | B27: 3 | C27: 1 | D27: 0 | E27: 2 | F27: 0 | G27: 1 | H27: 2 | I27: 5 | J27: 2 | K27: 1 | L27: 2 | M27: 1 | N27: 4 | O27: 4 | P27: 1 | Q27: 10 | R27: 5 | S27: 7 | T27: 3 | U27: 3 | V27: 4 | W27: 5 | X27: 12 | Y27: 1 | Z27: 3 | AA27: 0 | AB27: 5 | AC27: 0 | AD27: 0 | AE27: 2 | AF27: 0 | AG27: 2 | AH27: 1 | AI27: 5 | AJ27: 10 | AK27: 5
A28: R1 | B28: 20 | C28: 61 | D28: 34 | E28: 55 | F28: 48 | G28: 58 | H28: 83 | I28: 75 | J28: 34 | K28: 30 | L28: 47 | M28: 59 | N28: 102 | O28: 76 | P28: 80 | Q28: 52 | R28: 83 | S28: 99 | T28: 98 | U28: 61 | V28: 39 | W28: 72 | X28: 37 | Y28: 51 | Z28: 80 | AA28: 107 | AB28: 60 | AC28: 84 | AD28: 101 | AE28: 58 | AF28: 47 | AG28: 36 | AH28: 63 | AI28: 49 | AJ28: 68 | AK28: 68
A29: R2 | B29: 11 | C29: 13 | D29: 22 | E29: 33 | F29: 28 | G29: 42 | H29: 41 | I29: 50 | J29: 15 | K29: 37 | L29: 69 | M29: 75 | N29: 56 | O29: 77 | P29: 57 | Q29: 58 | R29: 88 | S29: 91 | T29: 63 | U29: 103 | V29: 78 | W29: 39 | X29: 38 | Y29: 31 | Z29: 37 | AA29: 46 | AB29: 64 | AC29: 65 | AD29: 31 | AE29: 60 | AF29: 42 | AG29: 49 | AH29: 92 | AI29: 85 | AJ29: 54 | AK29: 68
A30: R3 | B30: 2 | C30: 2 | D30: 5 | E30: 1 | F30: 4 | G30: 22 | H30: 7 | I30: 19 | J30: 39 | K30: 23 | L30: 14 | M30: 25 | N30: 13 | O30: 12 | P30: 13 | Q30: 5 | R30: 14 | S30: 16 | T30: 11 | U30: 7 | V30: 17 | W30: 9 | X30: 3 | Y30: 2 | Z30: 11 | AA30: 3 | AB30: 2 | AC30: 12 | AD30: 10 | AE30: 10 | AF30: 9 | AG30: 9 | AH30: 8 | AI30: 9 | AJ30: 6 | AK30: 1
A31: tot_reg_act_per_matrix | B31: 36 | C31: 77 | D31: 61 | E31: 91 | F31: 80 | G31: 123 | H31: 133 | I31: 149 | J31: 90 | K31: 91 | L31: 132 | M31: 160 | N31: 175 | O31: 169 | P31: 151 | Q31: 125 | R31: 190 | S31: 213 | T31: 175 | U31: 174 | V31: 138 | W31: 125 | X31: 90 | Y31: 85 | Z31: 131 | AA31: 156 | AB31: 131 | AC31: 161 | AD31: 142 | AE31: 130 | AF31: 98 | AG31: 96 | AH31: 164 | AI31: 148 | AJ31: 138 | AK31: 142
A32: exp_tot_act_R0 | B32: 112
A33: exp_tot_act_R1 | B33: 2275
A34: exp_tot_act_R2 | B34: 1908
A35: exp_tot_act_R3 | B35: 375
A36: exp_total_of_all_regions_activity | B36: 4670
A37: Total_number_of_frames: | B37: 1801
A38: Number_of_movement_frames: | B38: 1739
A39: Number_of_non-movement_frames: | B39: 32
A40: Inactivity_by_epoch: | B40: 13 | C40: 6 | D40: 1 | E40: 5 | F40: 2 | G40: 0 | H40: 0 | I40: 0 | J40: 2 | K40: 0 | L40: 0 | M40: 1 | N40: 0 | O40: 0 | P40: 0 | Q40: 0 | R40: 0 | S40: 0 | T40: 0 | U40: 0 | V40: 0 | W40: 0 | X40: 1 | Y40: 1 | Z40: 0 | AA40: 0 | AB40: 0 | AC40: 0 | AD40: 0 | AE40: 0 | AF40: 0 | AG40: 0 | AH40: 0 | AI40: 0 | AJ40: 0 | AK40: 0
A41: Total_number_of_VALID_frames: | B41: 1771
A42: Proportion_of_VALID_frames: | B42: 0.9833426
A43: Invalid_frame_count_(incorrect_or_too_many_contours): | B43: 30
A44: Proportion_of_Invalid_frames: | B44: 0.016657412
A45: Rejected_contour_count_outisde_regions: | B45: 0
A46: Rejected_contour_count_outisde_mask: | B46: 6
A47: Rejected_contour_count_too_small: | B47: 3240
A48: Rejected_contour_count_too_large: | B48: 24
A51: Video_File_Analysed | B51: IMG_0051_FU_P3_051222.mp4
A52: R0 | B52: 0 | C52: 0 | D52: 4 | E52: 10 | F52: 2 | G52: 4 | H52: 0 | I52: 1 | J52: 0 | K52: 15 | L52: 10 | M52: 2 | N52: 0 | O52: 4 | P52: 2 | Q52: 1 | R52: 0 | S52: 2 | T52: 7 | U52: 0 | V52: 13 | W52: 3 | X52: 6 | Y52: 8 | Z52: 2 | AA52: 0 | AB52: 4 | AC52: 2 | AD52: 0 | AE52: 1 | AF52: 4 | AG52: 0 | AH52: 2 | AI52: 3 | AJ52: 1 | AK52: 1
A53: R1 | B53: 21 | C53: 28 | D53: 51 | E53: 34 | F53: 45 | G53: 40 | H53: 0 | I53: 19 | J53: 46 | K53: 33 | L53: 37 | M53: 57 | N53: 32 | O53: 23 | P53: 57 | Q53: 38 | R53: 18 | S53: 55 | T53: 80 | U53: 22 | V53: 88 | W53: 33 | X53: 20 | Y53: 51 | Z53: 37 | AA53: 5 | AB53: 59 | AC53: 57 | AD53: 33 | AE53: 78 | AF53: 71 | AG53: 42 | AH53: 55 | AI53: 35 | AJ53: 63 | AK53: 41
A54: R2 | B54: 11 | C54: 42 | D54: 24 | E54: 24 | F54: 20 | G54: 20 | H54: 0 | I54: 25 | J54: 64 | K54: 16 | L54: 52 | M54: 40 | N54: 20 | O54: 40 | P54: 62 | Q54: 7 | R54: 15 | S54: 64 | T54: 24 | U54: 16 | V54: 30 | W54: 39 | X54: 13 | Y54: 49 | Z54: 8 | AA54: 25 | AB54: 42 | AC54: 62 | AD54: 43 | AE54: 41 | AF54: 44 | AG54: 49 | AH54: 63 | AI54: 73 | AJ54: 33 | AK54: 27
A55: R3 | B55: 5 | C55: 5 | D55: 1 | E55: 2 | F55: 6 | G55: 2 | H55: 0 | I55: 3 | J55: 6 | K55: 1 | L55: 10 | M55: 3 | N55: 0 | O55: 4 | P55: 15 | Q55: 0 | R55: 9 | S55: 5 | T55: 12 | U55: 12 | V55: 14 | W55: 5 | X55: 3 | Y55: 37 | Z55: 10 | AA55: 32 | AB55: 26 | AC55: 15 | AD55: 17 | AE55: 22 | AF55: 11 | AG55: 6 | AH55: 10 | AI55: 20 | AJ55: 22 | AK55: 24
A56: tot_reg_act_per_matrix | B56: 37 | C56: 75 | D56: 80 | E56: 70 | F56: 73 | G56: 66 | H56: 0 | I56: 48 | J56: 116 | K56: 65 | L56: 109 | M56: 102 | N56: 52 | O56: 71 | P56: 136 | Q56: 46 | R56: 42 | S56: 126 | T56: 123 | U56: 50 | V56: 145 | W56: 80 | X56: 42 | Y56: 145 | Z56: 57 | AA56: 62 | AB56: 131 | AC56: 136 | AD56: 93 | AE56: 142 | AF56: 130 | AG56: 97 | AH56: 130 | AI56: 131 | AJ56: 119 | AK56: 93
A57: exp_tot_act_R0 | B57: 114
A58: exp_tot_act_R1 | B58: 1504
A59: exp_tot_act_R2 | B59: 1227
A60: exp_tot_act_R3 | B60: 375
A61: exp_total_of_all_regions_activity | B61: 3220
A62: Total_number_of_frames: | B62: 1801
A63: Number_of_movement_frames: | B63: 1625
A64: Number_of_non-movement_frames: | B64: 173
A65: Inactivity_by_epoch: | B65: 23 | C65: 5 | D65: 5 | E65: 3 | F65: 5 | G65: 9 | H65: 50 | I65: 18 | J65: 1 | K65: 6 | L65: 1 | M65: 0 | N65: 7 | O65: 2 | P65: 0 | Q65: 5 | R65: 8 | S65: 0 | T65: 0 | U65: 1 | V65: 0 | W65: 3 | X65: 8 | Y65: 1 | Z65: 0 | AA65: 12 | AB65: 0 | AC65: 0 | AD65: 0 | AE65: 0 | AF65: 0 | AG65: 0 | AH65: 0 | AI65: 0 | AJ65: 0 | AK65: 0
A66: Total_number_of_VALID_frames: | B66: 1798
A67: Proportion_of_VALID_frames: | B67: 0.9983342
A68: Invalid_frame_count_(incorrect_or_too_many_contours): | B68: 3
A69: Proportion_of_Invalid_frames: | B69: 0.0016657412
A70: Rejected_contour_count_outisde_regions: | B70: 0
A71: Rejected_contour_count_outisde_mask: | B71: 2
A72: Rejected_contour_count_too_small: | B72: 2367
A73: Rejected_contour_count_too_large: | B73: 1
A76: Video_File_Analysed | B76: IMG_0072_FU_P3_170123-7.mp4
A77: R0 | B77: 0 | C77: 0 | D77: 0 | E77: 0 | F77: 0 | G77: 0 | H77: 0 | I77: 3 | J77: 12 | K77: 8 | L77: 0 | M77: 0 | N77: 0 | O77: 4 | P77: 11 | Q77: 36 | R77: 0 | S77: 0 | T77: 25 | U77: 46 | V77: 0 | W77: 0 | X77: 0 | Y77: 0 | Z77: 3 | AA77: 0 | AB77: 15 | AC77: 2 | AD77: 0 | AE77: 0 | AF77: 3 | AG77: 5 | AH77: 0 | AI77: 1 | AJ77: 0 | AK77: 3
A78: R1 | B78: 0 | C78: 1 | D78: 0 | E78: 0 | F78: 0 | G78: 1 | H78: 6 | I78: 24 | J78: 34 | K78: 26 | L78: 26 | M78: 19 | N78: 31 | O78: 28 | P78: 42 | Q78: 57 | R78: 3 | S78: 0 | T78: 42 | U78: 36 | V78: 23 | W78: 2 | X78: 0 | Y78: 3 | Z78: 17 | AA78: 1 | AB78: 16 | AC78: 46 | AD78: 56 | AE78: 39 | AF78: 52 | AG78: 69 | AH78: 87 | AI78: 15 | AJ78: 0 | AK78: 26
A79: R2 | B79: 0 | C79: 0 | D79: 0 | E79: 0 | F79: 0 | G79: 0 | H79: 15 | I79: 24 | J79: 31 | K79: 27 | L79: 17 | M79: 21 | N79: 12 | O79: 8 | P79: 17 | Q79: 27 | R79: 8 | S79: 15 | T79: 12 | U79: 29 | V79: 17 | W79: 38 | X79: 10 | Y79: 5 | Z79: 16 | AA79: 0 | AB79: 30 | AC79: 11 | AD79: 12 | AE79: 8 | AF79: 2 | AG79: 10 | AH79: 0 | AI79: 26 | AJ79: 9 | AK79: 19
A80: R3 | B80: 0 | C80: 0 | D80: 0 | E80: 0 | F80: 0 | G80: 0 | H80: 0 | I80: 13 | J80: 10 | K80: 5 | L80: 0 | M80: 4 | N80: 2 | O80: 5 | P80: 0 | Q80: 0 | R80: 0 | S80: 0 | T80: 0 | U80: 1 | V80: 3 | W80: 20 | X80: 53 | Y80: 37 | Z80: 3 | AA80: 50 | AB80: 63 | AC80: 0 | AD80: 33 | AE80: 35 | AF80: 0 | AG80: 12 | AH80: 5 | AI80: 5 | AJ80: 19 | AK80: 14
A81: tot_reg_act_per_matrix | B81: 0 | C81: 1 | D81: 0 | E81: 0 | F81: 0 | G81: 1 | H81: 21 | I81: 64 | J81: 87 | K81: 66 | L81: 43 | M81: 44 | N81: 45 | O81: 45 | P81: 70 | Q81: 120 | R81: 11 | S81: 15 | T81: 79 | U81: 112 | V81: 43 | W81: 60 | X81: 63 | Y81: 45 | Z81: 39 | AA81: 51 | AB81: 124 | AC81: 59 | AD81: 101 | AE81: 82 | AF81: 57 | AG81: 96 | AH81: 92 | AI81: 47 | AJ81: 28 | AK81: 62
A82: exp_tot_act_R0 | B82: 177
A83: exp_tot_act_R1 | B83: 828
A84: exp_tot_act_R2 | B84: 476
A85: exp_tot_act_R3 | B85: 392
A86: exp_total_of_all_regions_activity | B86: 1873
A87: Total_number_of_frames: | B87: 1801
A88: Number_of_movement_frames: | B88: 1229
A89: Number_of_non-movement_frames: | B89: 572
A90: Inactivity_by_epoch: | B90: 50 | C90: 50 | D90: 50 | E90: 50 | F90: 50 | G90: 49 | H90: 34 | I90: 6 | J90: 1 | K90: 2 | L90: 7 | M90: 7 | N90: 6 | O90: 5 | P90: 11 | Q90: 0 | R90: 44 | S90: 34 | T90: 10 | U90: 0 | V90: 7 | W90: 1 | X90: 9 | Y90: 10 | Z90: 11 | AA90: 0 | AB90: 0 | AC90: 6 | AD90: 2 | AE90: 2 | AF90: 7 | AG90: 1 | AH90: 3 | AI90: 6 | AJ90: 25 | AK90: 16
A91: Total_number_of_VALID_frames: | B91: 1801
A92: Proportion_of_VALID_frames: | B92: 1
A93: Invalid_frame_count_(incorrect_or_too_many_contours): | B93: 0
A94: Proportion_of_Invalid_frames: | B94: 0
A95: Rejected_contour_count_outisde_regions: | B95: 0
A96: Rejected_contour_count_outisde_mask: | B96: 0
A97: Rejected_contour_count_too_small: | B97: 2132
A98: Rejected_contour_count_too_large: | B98: 0
A101: Video_File_Analysed | B101: IMG_0073_FU_P3_170123-8.mp4
A102: R0 | B102: 0 | C102: 0 | D102: 0 | E102: 0 | F102: 0 | G102: 0 | H102: 0 | I102: 0 | J102: 3 | K102: 0 | L102: 5 | M102: 2 | N102: 0 | O102: 10 | P102: 0 | Q102: 2 | R102: 1 | S102: 7 | T102: 4 | U102: 20 | V102: 28 | W102: 8 | X102: 1 | Y102: 8 | Z102: 3 | AA102: 5 | AB102: 0 | AC102: 0 | AD102: 0 | AE102: 12 | AF102: 0 | AG102: 0 | AH102: 0 | AI102: 0 | AJ102: 0 | AK102: 12
A103: R1 | B103: 31 | C103: 45 | D103: 32 | E103: 0 | F103: 72 | G103: 7 | H103: 16 | I103: 56 | J103: 58 | K103: 65 | L103: 29 | M103: 93 | N103: 68 | O103: 28 | P103: 79 | Q103: 71 | R103: 32 | S103: 70 | T103: 43 | U103: 86 | V103: 41 | W103: 57 | X103: 46 | Y103: 50 | Z103: 49 | AA103: 74 | AB103: 7 | AC103: 23 | AD103: 20 | AE103: 82 | AF103: 27 | AG103: 0 | AH103: 20 | AI103: 72 | AJ103: 50 | AK103: 71
A104: R2 | B104: 0 | C104: 1 | D104: 0 | E104: 0 | F104: 0 | G104: 0 | H104: 0 | I104: 33 | J104: 15 | K104: 7 | L104: 8 | M104: 25 | N104: 21 | O104: 28 | P104: 20 | Q104: 21 | R104: 31 | S104: 27 | T104: 44 | U104: 19 | V104: 9 | W104: 23 | X104: 39 | Y104: 60 | Z104: 29 | AA104: 6 | AB104: 0 | AC104: 8 | AD104: 35 | AE104: 25 | AF104: 0 | AG104: 0 | AH104: 44 | AI104: 29 | AJ104: 28 | AK104: 24
A105: R3 | B105: 0 | C105: 0 | D105: 0 | E105: 0 | F105: 0 | G105: 0 | H105: 0 | I105: 4 | J105: 0 | K105: 1 | L105: 6 | M105: 6 | N105: 6 | O105: 22 | P105: 1 | Q105: 7 | R105: 25 | S105: 3 | T105: 23 | U105: 5 | V105: 2 | W105: 3 | X105: 22 | Y105: 10 | Z105: 18 | AA105: 0 | AB105: 36 | AC105: 40 | AD105: 44 | AE105: 0 | AF105: 0 | AG105: 0 | AH105: 0 | AI105: 0 | AJ105: 0 | AK105: 1
A106: tot_reg_act_per_matrix | B106: 31 | C106: 46 | D106: 32 | E106: 0 | F106: 72 | G106: 7 | H106: 16 | I106: 93 | J106: 76 | K106: 73 | L106: 48 | M106: 126 | N106: 95 | O106: 88 | P106: 100 | Q106: 101 | R106: 89 | S106: 107 | T106: 114 | U106: 130 | V106: 80 | W106: 91 | X106: 108 | Y106: 128 | Z106: 99 | AA106: 85 | AB106: 43 | AC106: 71 | AD106: 99 | AE106: 119 | AF106: 27 | AG106: 0 | AH106: 64 | AI106: 101 | AJ106: 78 | AK106: 108
A107: exp_tot_act_R0 | B107: 131
A108: exp_tot_act_R1 | B108: 1670
...

Sheet G
A1: Video_File_Analysed | B1: IMG_0052_FU_OSP_051222.mp4
A2: R0 | B2: 22 | C2: 6 | D2: 6 | E2: 11 | F2: 18 | G2: 2 | H2: 9 | I2: 4 | J2: 6 | K2: 8 | L2: 0 | M2: 0 | N2: 2 | O2: 0 | P2: 5 | Q2: 0 | R2: 0 | S2: 0 | T2: 0 | U2: 0 | V2: 17 | W2: 0 | X2: 0 | Y2: 0 | Z2: 0 | AA2: 0 | AB2: 5 | AC2: 0 | AD2: 0 | AE2: 0 | AF2: 0 | AG2: 0 | AH2: 0 | AI2: 0 | AJ2: 0 | AK2: 0
A3: R1 | B3: 67 | C3: 79 | D3: 86 | E3: 76 | F3: 84 | G3: 58 | H3: 93 | I3: 74 | J3: 36 | K3: 48 | L3: 21 | M3: 83 | N3: 91 | O3: 69 | P3: 53 | Q3: 56 | R3: 85 | S3: 107 | T3: 107 | U3: 29 | V3: 107 | W3: 47 | X3: 0 | Y3: 0 | Z3: 47 | AA3: 60 | AB3: 48 | AC3: 38 | AD3: 69 | AE3: 86 | AF3: 26 | AG3: 23 | AH3: 91 | AI3: 35 | AJ3: 21 | AK3: 84
A4: R2 | B4: 31 | C4: 30 | D4: 45 | E4: 56 | F4: 87 | G4: 28 | H4: 42 | I4: 14 | J4: 54 | K4: 48 | L4: 72 | M4: 15 | N4: 27 | O4: 16 | P4: 56 | Q4: 41 | R4: 1 | S4: 12 | T4: 4 | U4: 7 | V4: 25 | W4: 30 | X4: 0 | Y4: 21 | Z4: 49 | AA4: 51 | AB4: 33 | AC4: 17 | AD4: 21 | AE4: 27 | AF4: 2 | AG4: 0 | AH4: 41 | AI4: 46 | AJ4: 24 | AK4: 11
A5: R3 | B5: 0 | C5: 0 | D5: 20 | E5: 7 | F5: 3 | G5: 3 | H5: 11 | I5: 26 | J5: 43 | K5: 32 | L5: 70 | M5: 4 | N5: 22 | O5: 49 | P5: 0 | Q5: 0 | R5: 0 | S5: 0 | T5: 0 | U5: 16 | V5: 14 | W5: 33 | X5: 5 | Y5: 3 | Z5: 3 | AA5: 0 | AB5: 0 | AC5: 3 | AD5: 0 | AE5: 1 | AF5: 20 | AG5: 40 | AH5: 22 | AI5: 9 | AJ5: 0 | AK5: 6
A6: tot_reg_act_per_matrix | B6: 120 | C6: 115 | D6: 157 | E6: 150 | F6: 192 | G6: 91 | H6: 155 | I6: 118 | J6: 139 | K6: 136 | L6: 163 | M6: 102 | N6: 142 | O6: 134 | P6: 114 | Q6: 97 | R6: 86 | S6: 119 | T6: 111 | U6: 52 | V6: 163 | W6: 110 | X6: 5 | Y6: 24 | Z6: 99 | AA6: 111 | AB6: 86 | AC6: 58 | AD6: 90 | AE6: 114 | AF6: 48 | AG6: 63 | AH6: 154 | AI6: 90 | AJ6: 45 | AK6: 101
A7: exp_tot_act_R0 | B7: 121
A8: exp_tot_act_R1 | B8: 2184
A9: exp_tot_act_R2 | B9: 1084
A10: exp_tot_act_R3 | B10: 465
A11: exp_total_of_all_regions_activity | B11: 3854
A12: Total_number_of_frames: | B12: 1801
A13: Number_of_movement_frames: | B13: 1559
A14: Number_of_non-movement_frames: | B14: 202
A15: Inactivity_by_epoch: | B15: 3 | C15: 1 | D15: 0 | E15: 0 | F15: 0 | G15: 7 | H15: 0 | I15: 0 | J15: 1 | K15: 0 | L15: 0 | M15: 0 | N15: 1 | O15: 0 | P15: 0 | Q15: 3 | R15: 7 | S15: 0 | T15: 2 | U15: 6 | V15: 0 | W15: 2 | X15: 47 | Y15: 36 | Z15: 5 | AA15: 0 | AB15: 3 | AC15: 11 | AD15: 3 | AE15: 3 | AF15: 26 | AG15: 8 | AH15: 0 | AI15: 0 | AJ15: 23 | AK15: 4
A16: Total_number_of_VALID_frames: | B16: 1761
A17: Proportion_of_VALID_frames: | B17: 0.9777901
A18: Invalid_frame_count_(incorrect_or_too_many_contours): | B18: 40
A19: Proportion_of_Invalid_frames: | B19: 0.022209883
A20: Rejected_contour_count_outisde_regions: | B20: 0
A21: Rejected_contour_count_outisde_mask: | B21: 0
A22: Rejected_contour_count_too_small: | B22: 5503
A23: Rejected_contour_count_too_large: | B23: 30
A26: Video_File_Analysed | B26: IMG_0053_FU_OSP_051222.mp4
A27: R0 | B27: 2 | C27: 9 | D27: 10 | E27: 27 | F27: 37 | G27: 25 | H27: 27 | I27: 12 | J27: 12 | K27: 18 | L27: 23 | M27: 9 | N27: 8 | O27: 22 | P27: 16 | Q27: 38 | R27: 0 | S27: 0 | T27: 10 | U27: 12 | V27: 23 | W27: 18 | X27: 13 | Y27: 20 | Z27: 0 | AA27: 2 | AB27: 7 | AC27: 3 | AD27: 10 | AE27: 4 | AF27: 1 | AG27: 8 | AH27: 5 | AI27: 0 | AJ27: 0 | AK27: 3
A28: R1 | B28: 41 | C28: 104 | D28: 118 | E28: 84 | F28: 89 | G28: 117 | H28: 134 | I28: 89 | J28: 80 | K28: 41 | L28: 51 | M28: 41 | N28: 55 | O28: 122 | P28: 68 | Q28: 69 | R28: 27 | S28: 0 | T28: 35 | U28: 60 | V28: 39 | W28: 62 | X28: 58 | Y28: 36 | Z28: 19 | AA28: 41 | AB28: 76 | AC28: 81 | AD28: 117 | AE28: 111 | AF28: 10 | AG28: 81 | AH28: 62 | AI28: 48 | AJ28: 47 | AK28: 76
A29: R2 | B29: 20 | C29: 61 | D29: 47 | E29: 75 | F29: 58 | G29: 20 | H29: 2 | I29: 33 | J29: 21 | K29: 7 | L29: 23 | M29: 32 | N29: 56 | O29: 13 | P29: 49 | Q29: 2 | R29: 1 | S29: 0 | T29: 11 | U29: 35 | V29: 21 | W29: 9 | X29: 6 | Y29: 21 | Z29: 0 | AA29: 0 | AB29: 0 | AC29: 3 | AD29: 2 | AE29: 0 | AF29: 9 | AG29: 7 | AH29: 5 | AI29: 0 | AJ29: 14 | AK29: 2
A30: R3 | B30: 1 | C30: 7 | D30: 6 | E30: 10 | F30: 4 | G30: 4 | H30: 0 | I30: 20 | J30: 12 | K30: 2 | L30: 0 | M30: 1 | N30: 11 | O30: 0 | P30: 12 | Q30: 0 | R30: 34 | S30: 32 | T30: 1 | U30: 16 | V30: 6 | W30: 51 | X30: 4 | Y30: 0 | Z30: 0 | AA30: 0 | AB30: 0 | AC30: 0 | AD30: 0 | AE30: 0 | AF30: 2 | AG30: 0 | AH30: 0 | AI30: 0 | AJ30: 4 | AK30: 0
A31: tot_reg_act_per_matrix | B31: 64 | C31: 181 | D31: 181 | E31: 196 | F31: 188 | G31: 166 | H31: 163 | I31: 154 | J31: 125 | K31: 68 | L31: 97 | M31: 83 | N31: 130 | O31: 157 | P31: 145 | Q31: 109 | R31: 62 | S31: 32 | T31: 57 | U31: 123 | V31: 89 | W31: 140 | X31: 81 | Y31: 77 | Z31: 19 | AA31: 43 | AB31: 83 | AC31: 87 | AD31: 129 | AE31: 115 | AF31: 22 | AG31: 96 | AH31: 72 | AI31: 48 | AJ31: 65 | AK31: 81
A32: exp_tot_act_R0 | B32: 434
A33: exp_tot_act_R1 | B33: 2389
A34: exp_tot_act_R2 | B34: 665
A35: exp_tot_act_R3 | B35: 240
A36: exp_total_of_all_regions_activity | B36: 3728
A37: Total_number_of_frames: | B37: 1801
A38: Number_of_movement_frames: | B38: 1587
A39: Number_of_non-movement_frames: | B39: 202
A40: Inactivity_by_epoch: | B40: 11 | C40: 0 | D40: 0 | E40: 0 | F40: 0 | G40: 0 | H40: 1 | I40: 0 | J40: 0 | K40: 1 | L40: 0 | M40: 2 | N40: 0 | O40: 0 | P40: 0 | Q40: 0 | R40: 10 | S40: 20 | T40: 11 | U40: 0 | V40: 0 | W40: 0 | X40: 18 | Y40: 8 | Z40: 32 | AA40: 19 | AB40: 0 | AC40: 0 | AD40: 2 | AE40: 6 | AF40: 26 | AG40: 4 | AH40: 5 | AI40: 14 | AJ40: 8 | AK40: 4
A41: Total_number_of_VALID_frames: | B41: 1789
A42: Proportion_of_VALID_frames: | B42: 0.99333704
A43: Invalid_frame_count_(incorrect_or_too_many_contours): | B43: 12
A44: Proportion_of_Invalid_frames: | B44: 0.006662965
A45: Rejected_contour_count_outisde_regions: | B45: 0
A46: Rejected_contour_count_outisde_mask: | B46: 0
A47: Rejected_contour_count_too_small: | B47: 3113
A48: Rejected_contour_count_too_large: | B48: 7
A51: Video_File_Analysed | B51: IMG_0054_FU_OSP_051222.mp4
A52: R0 | B52: 10 | C52: 10 | D52: 7 | E52: 26 | F52: 17 | G52: 25 | H52: 12 | I52: 24 | J52: 19 | K52: 11 | L52: 2 | M52: 14 | N52: 16 | O52: 34 | P52: 20 | Q52: 9 | R52: 23 | S52: 11 | T52: 6 | U52: 3 | V52: 1 | W52: 0 | X52: 0 | Y52: 14 | Z52: 6 | AA52: 16 | AB52: 2 | AC52: 0 | AD52: 22 | AE52: 11 | AF52: 14 | AG52: 5 | AH52: 0 | AI52: 3 | AJ52: 11 | AK52: 23
A53: R1 | B53: 30 | C53: 45 | D53: 59 | E53: 81 | F53: 96 | G53: 108 | H53: 69 | I53: 79 | J53: 81 | K53: 58 | L53: 73 | M53: 82 | N53: 76 | O53: 95 | P53: 89 | Q53: 91 | R53: 76 | S53: 78 | T53: 45 | U53: 54 | V53: 120 | W53: 55 | X53: 42 | Y53: 58 | Z53: 86 | AA53: 44 | AB53: 70 | AC53: 23 | AD53: 40 | AE53: 52 | AF53: 33 | AG53: 46 | AH53: 2 | AI53: 41 | AJ53: 105 | AK53: 106
A54: R2 | B54: 29 | C54: 23 | D54: 38 | E54: 68 | F54: 59 | G54: 58 | H54: 51 | I54: 33 | J54: 64 | K54: 54 | L54: 33 | M54: 74 | N54: 92 | O54: 26 | P54: 45 | Q54: 42 | R54: 46 | S54: 49 | T54: 90 | U54: 26 | V54: 43 | W54: 5 | X54: 17 | Y54: 6 | Z54: 13 | AA54: 59 | AB54: 80 | AC54: 39 | AD54: 51 | AE54: 30 | AF54: 61 | AG54: 26 | AH54: 45 | AI54: 24 | AJ54: 36 | AK54: 14
A55: R3 | B55: 3 | C55: 4 | D55: 6 | E55: 8 | F55: 19 | G55: 13 | H55: 28 | I55: 37 | J55: 28 | K55: 25 | L55: 0 | M55: 6 | N55: 11 | O55: 24 | P55: 14 | Q55: 0 | R55: 4 | S55: 55 | T55: 12 | U55: 33 | V55: 17 | W55: 0 | X55: 22 | Y55: 0 | Z55: 8 | AA55: 17 | AB55: 34 | AC55: 50 | AD55: 25 | AE55: 59 | AF55: 39 | AG55: 41 | AH55: 0 | AI55: 0 | AJ55: 0 | AK55: 13
A56: tot_reg_act_per_matrix | B56: 72 | C56: 82 | D56: 110 | E56: 183 | F56: 191 | G56: 204 | H56: 160 | I56: 173 | J56: 192 | K56: 148 | L56: 108 | M56: 176 | N56: 195 | O56: 179 | P56: 168 | Q56: 142 | R56: 149 | S56: 193 | T56: 153 | U56: 116 | V56: 181 | W56: 60 | X56: 81 | Y56: 78 | Z56: 113 | AA56: 136 | AB56: 186 | AC56: 112 | AD56: 138 | AE56: 152 | AF56: 147 | AG56: 118 | AH56: 47 | AI56: 68 | AJ56: 152 | AK56: 156
A57: exp_tot_act_R0 | B57: 427
A58: exp_tot_act_R1 | B58: 2388
A59: exp_tot_act_R2 | B59: 1549
A60: exp_tot_act_R3 | B60: 655
A61: exp_total_of_all_regions_activity | B61: 5019
A62: Total_number_of_frames: | B62: 1801
A63: Number_of_movement_frames: | B63: 1681
A64: Number_of_non-movement_frames: | B64: 65
A65: Inactivity_by_epoch: | B65: 1 | C65: 1 | D65: 1 | E65: 0 | F65: 0 | G65: 0 | H65: 0 | I65: 0 | J65: 1 | K65: 0 | L65: 0 | M65: 0 | N65: 0 | O65: 0 | P65: 0 | Q65: 0 | R65: 0 | S65: 0 | T65: 0 | U65: 3 | V65: 0 | W65: 12 | X65: 10 | Y65: 9 | Z65: 2 | AA65: 0 | AB65: 0 | AC65: 0 | AD65: 0 | AE65: 0 | AF65: 0 | AG65: 0 | AH65: 21 | AI65: 4 | AJ65: 0 | AK65: 0
A66: Total_number_of_VALID_frames: | B66: 1746
A67: Proportion_of_VALID_frames: | B67: 0.9694614
A68: Invalid_frame_count_(incorrect_or_too_many_contours): | B68: 55
A69: Proportion_of_Invalid_frames: | B69: 0.030538589
A70: Rejected_contour_count_outisde_regions: | B70: 0
A71: Rejected_contour_count_outisde_mask: | B71: 0
A72: Rejected_contour_count_too_small: | B72: 5304
A73: Rejected_contour_count_too_large: | B73: 32
A76: Video_File_Analysed | B76: IMG_0069_FU_OSP_170123-4.mp4
A77: R0 | B77: 4 | C77: 0 | D77: 4 | E77: 14 | F77: 7 | G77: 0 | H77: 10 | I77: 18 | J77: 5 | K77: 0 | L77: 0 | M77: 1 | N77: 0 | O77: 5 | P77: 16 | Q77: 10 | R77: 0 | S77: 1 | T77: 12 | U77: 2 | V77: 6 | W77: 14 | X77: 0 | Y77: 3 | Z77: 6 | AA77: 11 | AB77: 23 | AC77: 4 | AD77: 0 | AE77: 0 | AF77: 2 | AG77: 0 | AH77: 8 | AI77: 3 | AJ77: 0 | AK77: 0
A78: R1 | B78: 74 | C78: 28 | D78: 113 | E78: 100 | F78: 115 | G78: 81 | H78: 30 | I78: 63 | J78: 33 | K78: 98 | L78: 21 | M78: 16 | N78: 31 | O78: 21 | P78: 72 | Q78: 38 | R78: 11 | S78: 27 | T78: 21 | U78: 36 | V78: 105 | W78: 22 | X78: 0 | Y78: 14 | Z78: 10 | AA78: 79 | AB78: 119 | AC78: 13 | AD78: 11 | AE78: 107 | AF78: 63 | AG78: 44 | AH78: 113 | AI78: 55 | AJ78: 65 | AK78: 47
A79: R2 | B79: 8 | C79: 0 | D79: 8 | E79: 43 | F79: 32 | G79: 20 | H79: 5 | I79: 43 | J79: 13 | K79: 19 | L79: 39 | M79: 22 | N79: 34 | O79: 36 | P79: 32 | Q79: 30 | R79: 26 | S79: 54 | T79: 18 | U79: 59 | V79: 26 | W79: 29 | X79: 15 | Y79: 24 | Z79: 22 | AA79: 57 | AB79: 41 | AC79: 41 | AD79: 15 | AE79: 54 | AF79: 49 | AG79: 7 | AH79: 1 | AI79: 23 | AJ79: 19 | AK79: 11
A80: R3 | B80: 0 | C80: 0 | D80: 0 | E80: 3 | F80: 3 | G80: 4 | H80: 0 | I80: 9 | J80: 0 | K80: 0 | L80: 23 | M80: 0 | N80: 0 | O80: 4 | P80: 17 | Q80: 28 | R80: 0 | S80: 0 | T80: 0 | U80: 3 | V80: 4 | W80: 13 | X80: 14 | Y80: 17 | Z80: 15 | AA80: 0 | AB80: 0 | AC80: 0 | AD80: 0 | AE80: 0 | AF80: 0 | AG80: 0 | AH80: 0 | AI80: 0 | AJ80: 0 | AK80: 0
A81: tot_reg_act_per_matrix | B81: 86 | C81: 28 | D81: 125 | E81: 160 | F81: 157 | G81: 105 | H81: 45 | I81: 133 | J81: 51 | K81: 117 | L81: 83 | M81: 39 | N81: 65 | O81: 66 | P81: 137 | Q81: 106 | R81: 37 | S81: 82 | T81: 51 | U81: 100 | V81: 141 | W81: 78 | X81: 29 | Y81: 58 | Z81: 53 | AA81: 147 | AB81: 183 | AC81: 58 | AD81: 26 | AE81: 161 | AF81: 114 | AG81: 51 | AH81: 122 | AI81: 81 | AJ81: 84 | AK81: 58
A82: exp_tot_act_R0 | B82: 189
A83: exp_tot_act_R1 | B83: 1896
A84: exp_tot_act_R2 | B84: 975
A85: exp_tot_act_R3 | B85: 157
A86: exp_total_of_all_regions_activity | B86: 3217
A87: Total_number_of_frames: | B87: 1801
A88: Number_of_movement_frames: | B88: 1544
A89: Number_of_non-movement_frames: | B89: 252
A90: Inactivity_by_epoch: | B90: 1 | C90: 23 | D90: 1 | E90: 0 | F90: 0 | G90: 0 | H90: 6 | I90: 0 | J90: 17 | K90: 0 | L90: 4 | M90: 13 | N90: 9 | O90: 7 | P90: 0 | Q90: 1 | R90: 26 | S90: 10 | T90: 4 | U90: 1 | V90: 0 | W90: 1 | X90: 31 | Y90: 10 | Z90: 13 | AA90: 0 | AB90: 0 | AC90: 8 | AD90: 30 | AE90: 0 | AF90: 0 | AG90: 6 | AH90: 1 | AI90: 7 | AJ90: 1 | AK90: 21
A91: Total_number_of_VALID_frames: | B91: 1796
A92: Proportion_of_VALID_frames: | B92: 0.99722373
A93: Invalid_frame_count_(incorrect_or_too_many_contours): | B93: 5
A94: Proportion_of_Invalid_frames: | B94: 0.002776235
A95: Rejected_contour_count_outisde_regions: | B95: 0
A96: Rejected_contour_count_outisde_mask: | B96: 0
A97: Rejected_contour_count_too_small: | B97: 3825
A98: Rejected_contour_count_too_large: | B98: 0
A101: Video_File_Analysed | B101: IMG_0070_FU_OSP_170123-5.mp4
A102: R0 | B102: 9 | C102: 27 | D102: 21 | E102: 17 | F102: 26 | G102: 3 | H102: 10 | I102: 8 | J102: 0 | K102: 0 | L102: 6 | M102: 2 | N102: 1 | O102: 0 | P102: 0 | Q102: 8 | R102: 6 | S102: 9 | T102: 4 | U102: 0 | V102: 0 | W102: 0 | X102: 0 | Y102: 0 | Z102: 1 | AA102: 0 | AB102: 0 | AC102: 0 | AD102: 0 | AE102: 0 | AF102: 0 | AG102: 0 | AH102: 0 | AI102: 0 | AJ102: 0 | AK102: 1
A103: R1 | B103: 69 | C103: 74 | D103: 89 | E103: 77 | F103: 78 | G103: 76 | H103: 45 | I103: 126 | J103: 66 | K103: 66 | L103: 91 | M103: 53 | N103: 49 | O103: 14 | P103: 0 | Q103: 65 | R103: 116 | S103: 125 | T103: 64 | U103: 33 | V103: 45 | W103: 42 | X103: 24 | Y103: 102 | Z103: 103 | AA103: 77 | AB103: 53 | AC103: 4 | AD103: 47 | AE103: 42 | AF103: 12 | AG103: 32 | AH103: 73 | AI103: 89 | AJ103: 54 | AK103: 127
A104: R2 | B104: 43 | C104: 56 | D104: 52 | E104: 20 | F104: 13 | G104: 16 | H104: 12 | I104: 17 | J104: 25 | K104: 0 | L104: 33 | M104: 38 | N104: 16 | O104: 0 | P104: 0 | Q104: 13 | R104: 7 | S104: 2 | T104: 18 | U104: 24 | V104: 0 | W104: 0 | X104: 0 | Y104: 1 | Z104: 26 | AA104: 20 | AB104: 14 | AC104: 3 | AD104: 7 | AE104: 34 | AF104: 21 | AG104: 32 | AH104: 55 | AI104: 37 | AJ104: 23 | AK104: 0
A105: R3 | B105: 25 | C105: 20 | D105: 16 | E105: 16 | F105: 0 | G105: 4 | H105: 12 | I105: 3 | J105: 0 | K105: 0 | L105: 6 | M105: 11 | N105: 0 | O105: 20 | P105: 12 | Q105: 11 | R105: 0 | S105: 0 | T105: 7 | U105: 5 | V105: 0 | W105: 0 | X105: 0 | Y105: 0 | Z105: 0 | AA105: 2 | AB105: 0 | AC105: 0 | AD105: 0 | AE105: 0 | AF105: 0 | AG105: 0 | AH105: 0 | AI105: 0 | AJ105: 0 | AK105: 0
A106: tot_reg_act_per_matrix | B106: 146 | C106: 177 | D106: 178 | E106: 130 | F106: 117 | G106: 99 | H106: 79 | I106: 154 | J106: 91 | K106: 66 | L106: 136 | M106: 104 | N106: 66 | O106: 34 | P106: 12 | Q106: 97 | R106: 129 | S106: 136 | T106: 93 | U106: 62 | V106: 45 | W106: 42 | X106: 24 | Y106: 103 | Z106: 130 | AA106: 99 | AB106: 67 | AC106: 7 | AD106: 54 | AE106: 76 | AF106: 33 | AG106: 64 | AH106: 128 | AI106: 126 | AJ106: 77 | AK106: 128
A107: exp_tot_act_R0 | B107: 159
A108: exp_tot_act_R1 | B108: 2302
...

Sheet H

Sheet I

Sheet J

Sheet K

Sheet L

Sheet M

Sheet N

Sheet O

Sheet P

Sheet Q

Sheet R

Sheet S
A1: S

Sheet T

Sheet summ tots
C1: A | D1: B | E1: C | F1: D | G1: E | H1: F | I1: G | J1: H | K1: I | L1: J | M1: K | N1: L | O1: M | P1: N | Q1: O | R1: P | S1: Q | T1: R | U1: S | V1: T
B2: run | C2: ='file combos'!D13 -> FAUT | D2: ='file combos'!E13 -> FAP3 | E2: ='file combos'!F13 -> FAOSP | F2: ='file combos'!G13 -> 0 | G2: ='file combos'!H13 -> FUUT | H2: ='file combos'!I13 -> FUP3 | I2: ='file combos'!J13 -> FUOSP | J2: ='file combos'!K13 -> 0 | ... V2: ='file combos'!W13 -> 0
B3: 1 | C3: =A!B11 -> 2432 | D3: =B!B11 -> 3701 | E3: ='C'!B11 -> 1994 | F3: =D!B11 -> 0 | G3: =E!$B$11 -> 1962 | H3: =F!B11 -> 3149 | I3: =G!B11 -> 3854 | J3: =H!B11 -> 0 | K3: =I!B11 -> 0 | L3: =J!B11 -> 0 | M3: =K!B11 -> 0 | N3: =L!B11 -> 0 | O3: =M!B11 -> 0 | P3: =N!B11 -> 0 | Q3: =O!B11 -> 0 | R3: =P!B11 -> 0 | S3: =Q!B11 -> 0 | T3: ='R'!B11 -> 0 | U3: =S!B11 -> 0 | V3: =T!B11 -> 0
B4: 2 | C4: =OFFSET(A!$B$11,(ROW()-3)*25,0) -> 1823 | D4: =OFFSET(B!$B$11,(ROW()-3)*25,0) -> 4374 | E4: =OFFSET('C'!$B$11,(ROW()-3)*25,0) -> 2169 | F4: =OFFSET(D!$B$11,(ROW()-3)*25,0) -> 0 | G4: =OFFSET(E!$B$11,(ROW()-3)*25,0) -> 1415 | H4: =OFFSET(F!$B$11,(ROW()-3)*25,0) -> 4670 | I4: =OFFSET(G!$B$11,(ROW()-3)*25,0) -> 3728 | J4: =OFFSET(H!$B$11,(ROW()-3)*25,0) -> 0 | K4: =OFFSET(I!$B$11,(ROW()-3)*25,0) -> 0 | L4: =OFFSET(J!$B$11,(ROW()-3)*25,0) -> 0 | M4: =OFFSET(K!$B$11,(ROW()-3)*25,0) -> 0 | N4: =OFFSET(L!$B$11,(ROW()-3)*25,0) -> 0 | O4: =OFFSET(M!$B$11,(ROW()-3)*25,0) -> 0 | P4: =OFFSET(M!$B$11,(ROW()-3)*25,0) -> 0 | Q4: =OFFSET(O!$B$11,(ROW()-3)*25,0) -> 0 | R4: =OFFSET(P!$B$11,(ROW()-3)*25,0) -> 0 | S4: =OFFSET(Q!$B$11,(ROW()-3)*25,0) -> 0 | T4: =OFFSET('R'!$B$11,(ROW()-3)*25,0) -> 0 | U4: =OFFSET(S!$B$11,(ROW()-3)*25,0) -> 0 | V4: =OFFSET(T!$B$11,(ROW()-3)*25,0) -> 0
B5: 3 | C5: =OFFSET(A!$B$11,(ROW()-3)*25,0) -> 966 | D5: =OFFSET(B!$B$11,(ROW()-3)*25,0) -> 3997 | E5: =OFFSET('C'!$B$11,(ROW()-3)*25,0) -> 2607 | F5: =OFFSET(D!$B$11,(ROW()-3)*25,0) -> 0 | G5: =OFFSET(E!$B$11,(ROW()-3)*25,0) -> 528 | H5: =OFFSET(F!$B$11,(ROW()-3)*25,0) -> 3220 | I5: =OFFSET(G!$B$11,(ROW()-3)*25,0) -> 5019 | J5: =OFFSET(H!$B$11,(ROW()-3)*25,0) -> 0 | K5: =OFFSET(I!$B$11,(ROW()-3)*25,0) -> 0 | L5: =OFFSET(J!$B$11,(ROW()-3)*25,0) -> 0 | M5: =OFFSET(K!$B$11,(ROW()-3)*25,0) -> 0 | N5: =OFFSET(L!$B$11,(ROW()-3)*25,0) -> 0 | O5: =OFFSET(M!$B$11,(ROW()-3)*25,0) -> 0 | P5: =OFFSET(M!$B$11,(ROW()-3)*25,0) -> 0 | Q5: =OFFSET(O!$B$11,(ROW()-3)*25,0) -> 0 | R5: =OFFSET(P!$B$11,(ROW()-3)*25,0) -> 0 | S5: =OFFSET(Q!$B$11,(ROW()-3)*25,0) -> 0 | T5: =OFFSET('R'!$B$11,(ROW()-3)*25,0) -> 0 | U5: =OFFSET(S!$B$11,(ROW()-3)*25,0) -> 0 | V5: =OFFSET(T!$B$11,(ROW()-3)*25,0) -> 0
B6: 4 | C6: =OFFSET(A!$B$11,(ROW()-3)*25,0) -> 244 | D6: =OFFSET(B!$B$11,(ROW()-3)*25,0) -> 2760 | E6: =OFFSET('C'!$B$11,(ROW()-3)*25,0) -> 2626 | F6: =OFFSET(D!$B$11,(ROW()-3)*25,0) -> 0 | G6: =OFFSET(E!$B$11,(ROW()-3)*25,0) -> 193 | H6: =OFFSET(F!$B$11,(ROW()-3)*25,0) -> 1873 | I6: =OFFSET(G!$B$11,(ROW()-3)*25,0) -> 3217 | J6: =OFFSET(H!$B$11,(ROW()-3)*25,0) -> 0 | K6: =OFFSET(I!$B$11,(ROW()-3)*25,0) -> 0 | L6: =OFFSET(J!$B$11,(ROW()-3)*25,0) -> 0 | M6: =OFFSET(K!$B$11,(ROW()-3)*25,0) -> 0 | N6: =OFFSET(L!$B$11,(ROW()-3)*25,0) -> 0 | O6: =OFFSET(M!$B$11,(ROW()-3)*25,0) -> 0 | P6: =OFFSET(M!$B$11,(ROW()-3)*25,0) -> 0 | Q6: =OFFSET(O!$B$11,(ROW()-3)*25,0) -> 0 | R6: =OFFSET(P!$B$11,(ROW()-3)*25,0) -> 0 | S6: =OFFSET(Q!$B$11,(ROW()-3)*25,0) -> 0 | T6: =OFFSET('R'!$B$11,(ROW()-3)*25,0) -> 0 | U6: =OFFSET(S!$B$11,(ROW()-3)*25,0) -> 0 | V6: =OFFSET(T!$B$11,(ROW()-3)*25,0) -> 0
B7: 5 | C7: =OFFSET(A!$B$11,(ROW()-3)*25,0) -> 1277 | D7: =OFFSET(B!$B$11,(ROW()-3)*25,0) -> 2301 | E7: =OFFSET('C'!$B$11,(ROW()-3)*25,0) -> 2573 | F7: =OFFSET(D!$B$11,(ROW()-3)*25,0) -> 0 | G7: =OFFSET(E!$B$11,(ROW()-3)*25,0) -> 2270 | H7: =OFFSET(F!$B$11,(ROW()-3)*25,0) -> 2745 | I7: =OFFSET(G!$B$11,(ROW()-3)*25,0) -> 3309 | J7: =OFFSET(H!$B$11,(ROW()-3)*25,0) -> 0 | K7: =OFFSET(I!$B$11,(ROW()-3)*25,0) -> 0 | L7: =OFFSET(J!$B$11,(ROW()-3)*25,0) -> 0 | M7: =OFFSET(K!$B$11,(ROW()-3)*25,0) -> 0 | N7: =OFFSET(L!$B$11,(ROW()-3)*25,0) -> 0 | O7: =OFFSET(M!$B$11,(ROW()-3)*25,0) -> 0 | P7: =OFFSET(M!$B$11,(ROW()-3)*25,0) -> 0 | Q7: =OFFSET(O!$B$11,(ROW()-3)*25,0) -> 0 | R7: =OFFSET(P!$B$11,(ROW()-3)*25,0) -> 0 | S7: =OFFSET(Q!$B$11,(ROW()-3)*25,0) -> 0 | T7: =OFFSET('R'!$B$11,(ROW()-3)*25,0) -> 0 | U7: =OFFSET(S!$B$11,(ROW()-3)*25,0) -> 0 | V7: =OFFSET(T!$B$11,(ROW()-3)*25,0) -> 0
B8: 6 | C8: =OFFSET(A!$B$11,(ROW()-3)*25,0) -> 635 | D8: =OFFSET(B!$B$11,(ROW()-3)*25,0) -> 3354 | E8: =OFFSET('C'!$B$11,(ROW()-3)*25,0) -> 2777 | F8: =OFFSET(D!$B$11,(ROW()-3)*25,0) -> 0 | G8: =OFFSET(E!$B$11,(ROW()-3)*25,0) -> 774 | H8: =OFFSET(F!$B$11,(ROW()-3)*25,0) -> 2685 | I8: =OFFSET(G!$B$11,(ROW()-3)*25,0) -> 5036 | J8: =OFFSET(H!$B$11,(ROW()-3)*25,0) -> 0 | K8: =OFFSET(I!$B$11,(ROW()-3)*25,0) -> 0 | L8: =OFFSET(J!$B$11,(ROW()-3)*25,0) -> 0 | M8: =OFFSET(K!$B$11,(ROW()-3)*25,0) -> 0 | N8: =OFFSET(L!$B$11,(ROW()-3)*25,0) -> 0 | O8: =OFFSET(M!$B$11,(ROW()-3)*25,0) -> 0 | P8: =OFFSET(M!$B$11,(ROW()-3)*25,0) -> 0 | Q8: =OFFSET(O!$B$11,(ROW()-3)*25,0) -> 0 | R8: =OFFSET(P!$B$11,(ROW()-3)*25,0) -> 0 | S8: =OFFSET(Q!$B$11,(ROW()-3)*25,0) -> 0 | T8: =OFFSET('R'!$B$11,(ROW()-3)*25,0) -> 0 | U8: =OFFSET(S!$B$11,(ROW()-3)*25,0) -> 0 | V8: =OFFSET(T!$B$11,(ROW()-3)*25,0) -> 0
B9: 7 | C9: =OFFSET(A!$B$11,(ROW()-3)*25,0) -> 1671 | D9: =OFFSET(B!$B$11,(ROW()-3)*25,0) -> 2048 | E9: =OFFSET('C'!$B$11,(ROW()-3)*25,0) -> 2622 | F9: =OFFSET(D!$B$11,(ROW()-3)*25,0) -> 0 | G9: =OFFSET(E!$B$11,(ROW()-3)*25,0) -> 428 | H9: =OFFSET(F!$B$11,(ROW()-3)*25,0) -> 3005 | I9: =OFFSET(G!$B$11,(ROW()-3)*25,0) -> 4712 | J9: =OFFSET(H!$B$11,(ROW()-3)*25,0) -> 0 | K9: =OFFSET(I!$B$11,(ROW()-3)*25,0) -> 0 | L9: =OFFSET(J!$B$11,(ROW()-3)*25,0) -> 0 | M9: =OFFSET(K!$B$11,(ROW()-3)*25,0) -> 0 | N9: =OFFSET(L!$B$11,(ROW()-3)*25,0) -> 0 | O9: =OFFSET(M!$B$11,(ROW()-3)*25,0) -> 0 | P9: =OFFSET(M!$B$11,(ROW()-3)*25,0) -> 0 | Q9: =OFFSET(O!$B$11,(ROW()-3)*25,0) -> 0 | R9: =OFFSET(P!$B$11,(ROW()-3)*25,0) -> 0 | S9: =OFFSET(Q!$B$11,(ROW()-3)*25,0) -> 0 | T9: =OFFSET('R'!$B$11,(ROW()-3)*25,0) -> 0 | U9: =OFFSET(S!$B$11,(ROW()-3)*25,0) -> 0 | V9: =OFFSET(T!$B$11,(ROW()-3)*25,0) -> 0
B10: 8 | C10: =OFFSET(A!$B$11,(ROW()-3)*25,0) -> 2321 | D10: =OFFSET(B!$B$11,(ROW()-3)*25,0) -> 3216 | E10: =OFFSET('C'!$B$11,(ROW()-3)*25,0) -> 3415 | F10: =OFFSET(D!$B$11,(ROW()-3)*25,0) -> 0 | G10: =OFFSET(E!$B$11,(ROW()-3)*25,0) -> 1296 | H10: =OFFSET(F!$B$11,(ROW()-3)*25,0) -> 3231 | I10: =OFFSET(G!$B$11,(ROW()-3)*25,0) -> 4775 | J10: =OFFSET(H!$B$11,(ROW()-3)*25,0) -> 0 | K10: =OFFSET(I!$B$11,(ROW()-3)*25,0) -> 0 | L10: =OFFSET(J!$B$11,(ROW()-3)*25,0) -> 0 | M10: =OFFSET(K!$B$11,(ROW()-3)*25,0) -> 0 | N10: =OFFSET(L!$B$11,(ROW()-3)*25,0) -> 0 | O10: =OFFSET(M!$B$11,(ROW()-3)*25,0) -> 0 | P10: =OFFSET(M!$B$11,(ROW()-3)*25,0) -> 0 | Q10: =OFFSET(O!$B$11,(ROW()-3)*25,0) -> 0 | R10: =OFFSET(P!$B$11,(ROW()-3)*25,0) -> 0 | S10: =OFFSET(Q!$B$11,(ROW()-3)*25,0) -> 0 | T10: =OFFSET('R'!$B$11,(ROW()-3)*25,0) -> 0 | U10: =OFFSET(S!$B$11,(ROW()-3)*25,0) -> 0 | V10: =OFFSET(T!$B$11,(ROW()-3)*25,0) -> 0
B11: 9 | C11: =OFFSET(A!$B$11,(ROW()-3)*25,0) -> 827 | D11: =OFFSET(B!$B$11,(ROW()-3)*25,0) -> 2504 | E11: =OFFSET('C'!$B$11,(ROW()-3)*25,0) -> 2666 | F11: =OFFSET(D!$B$11,(ROW()-3)*25,0) -> 0 | G11: =OFFSET(E!$B$11,(ROW()-3)*25,0) -> 1989 | H11: =OFFSET(F!$B$11,(ROW()-3)*25,0) -> 1847 | I11: =OFFSET(G!$B$11,(ROW()-3)*25,0) -> 5398 | J11: =OFFSET(H!$B$11,(ROW()-3)*25,0) -> 0 | K11: =OFFSET(I!$B$11,(ROW()-3)*25,0) -> 0 | L11: =OFFSET(J!$B$11,(ROW()-3)*25,0) -> 0 | M11: =OFFSET(K!$B$11,(ROW()-3)*25,0) -> 0 | N11: =OFFSET(L!$B$11,(ROW()-3)*25,0) -> 0 | O11: =OFFSET(M!$B$11,(ROW()-3)*25,0) -> 0 | P11: =OFFSET(M!$B$11,(ROW()-3)*25,0) -> 0 | Q11: =OFFSET(O!$B$11,(ROW()-3)*25,0) -> 0 | R11: =OFFSET(P!$B$11,(ROW()-3)*25,0) -> 0 | S11: =OFFSET(Q!$B$11,(ROW()-3)*25,0) -> 0 | T11: =OFFSET('R'!$B$11,(ROW()-3)*25,0) -> 0 | U11: =OFFSET(S!$B$11,(ROW()-3)*25,0) -> 0 | V11: =OFFSET(T!$B$11,(ROW()-3)*25,0) -> 0
B12: 10 | C12: =OFFSET(A!$B$11,(ROW()-3)*25,0) -> 2540 | D12: =OFFSET(B!$B$11,(ROW()-3)*25,0) -> 3190 | E12: =OFFSET('C'!$B$11,(ROW()-3)*25,0) -> 2701 | F12: =OFFSET(D!$B$11,(ROW()-3)*25,0) -> 0 | G12: =OFFSET(E!$B$11,(ROW()-3)*25,0) -> 1872 | H12: =OFFSET(F!$B$11,(ROW()-3)*25,0) -> 874 | I12: =OFFSET(G!$B$11,(ROW()-3)*25,0) -> 3988 | J12: =OFFSET(H!$B$11,(ROW()-3)*25,0) -> 0 | K12: =OFFSET(I!$B$11,(ROW()-3)*25,0) -> 0 | L12: =OFFSET(J!$B$11,(ROW()-3)*25,0) -> 0 | M12: =OFFSET(K!$B$11,(ROW()-3)*25,0) -> 0 | N12: =OFFSET(L!$B$11,(ROW()-3)*25,0) -> 0 | O12: =OFFSET(M!$B$11,(ROW()-3)*25,0) -> 0 | P12: =OFFSET(M!$B$11,(ROW()-3)*25,0) -> 0 | Q12: =OFFSET(O!$B$11,(ROW()-3)*25,0) -> 0 | R12: =OFFSET(P!$B$11,(ROW()-3)*25,0) -> 0 | S12: =OFFSET(Q!$B$11,(ROW()-3)*25,0) -> 0 | T12: =OFFSET('R'!$B$11,(ROW()-3)*25,0) -> 0 | U12: =OFFSET(S!$B$11,(ROW()-3)*25,0) -> 0 | V12: =OFFSET(T!$B$11,(ROW()-3)*25,0) -> 0
B13: 11 | C13: =OFFSET(A!$B$11,(ROW()-3)*25,0) -> 470 | D13: =OFFSET(B!$B$11,(ROW()-3)*25,0) -> 3582 | E13: =OFFSET('C'!$B$11,(ROW()-3)*25,0) -> 2284 | F13: =OFFSET(D!$B$11,(ROW()-3)*25,0) -> 0 | G13: =OFFSET(E!$B$11,(ROW()-3)*25,0) -> 1163 | H13: =OFFSET(F!$B$11,(ROW()-3)*25,0) -> 1719 | I13: =OFFSET(G!$B$11,(ROW()-3)*25,0) -> 3710 | J13: =OFFSET(H!$B$11,(ROW()-3)*25,0) -> 0 | K13: =OFFSET(I!$B$11,(ROW()-3)*25,0) -> 0 | L13: =OFFSET(J!$B$11,(ROW()-3)*25,0) -> 0 | M13: =OFFSET(K!$B$11,(ROW()-3)*25,0) -> 0 | N13: =OFFSET(L!$B$11,(ROW()-3)*25,0) -> 0 | O13: =OFFSET(M!$B$11,(ROW()-3)*25,0) -> 0 | P13: =OFFSET(M!$B$11,(ROW()-3)*25,0) -> 0 | Q13: =OFFSET(O!$B$11,(ROW()-3)*25,0) -> 0 | R13: =OFFSET(P!$B$11,(ROW()-3)*25,0) -> 0 | S13: =OFFSET(Q!$B$11,(ROW()-3)*25,0) -> 0 | T13: =OFFSET('R'!$B$11,(ROW()-3)*25,0) -> 0 | U13: =OFFSET(S!$B$11,(ROW()-3)*25,0) -> 0 | V13: =OFFSET(T!$B$11,(ROW()-3)*25,0) -> 0
B14: 12 | C14: =OFFSET(A!$B$11,(ROW()-3)*25,0) -> 1683 | D14: =OFFSET(B!$B$11,(ROW()-3)*25,0) -> 2937 | E14: =OFFSET('C'!$B$11,(ROW()-3)*25,0) -> 2802 | F14: =OFFSET(D!$B$11,(ROW()-3)*25,0) -> 0 | G14: =OFFSET(E!$B$11,(ROW()-3)*25,0) -> 943 | H14: =OFFSET(F!$B$11,(ROW()-3)*25,0) -> 2932 | I14: =OFFSET(G!$B$11,(ROW()-3)*25,0) -> 4145 | J14: =OFFSET(H!$B$11,(ROW()-3)*25,0) -> 0 | K14: =OFFSET(I!$B$11,(ROW()-3)*25,0) -> 0 | L14: =OFFSET(J!$B$11,(ROW()-3)*25,0) -> 0 | M14: =OFFSET(K!$B$11,(ROW()-3)*25,0) -> 0 | N14: =OFFSET(L!$B$11,(ROW()-3)*25,0) -> 0 | O14: =OFFSET(M!$B$11,(ROW()-3)*25,0) -> 0 | P14: =OFFSET(M!$B$11,(ROW()-3)*25,0) -> 0 | Q14: =OFFSET(O!$B$11,(ROW()-3)*25,0) -> 0 | R14: =OFFSET(P!$B$11,(ROW()-3)*25,0) -> 0 | S14: =OFFSET(Q!$B$11,(ROW()-3)*25,0) -> 0 | T14: =OFFSET('R'!$B$11,(ROW()-3)*25,0) -> 0 | U14: =OFFSET(S!$B$11,(ROW()-3)*25,0) -> 0 | V14: =OFFSET(T!$B$11,(ROW()-3)*25,0) -> 0
B15: 13 | C15: =OFFSET(A!$B$11,(ROW()-3)*25,0) -> 3659 | D15: =OFFSET(B!$B$11,(ROW()-3)*25,0) -> 3694 | E15: =OFFSET('C'!$B$11,(ROW()-3)*25,0) -> 3814 | F15: =OFFSET(D!$B$11,(ROW()-3)*25,0) -> 0 | G15: =OFFSET(E!$B$11,(ROW()-3)*25,0) -> 1369 | H15: =OFFSET(F!$B$11,(ROW()-3)*25,0) -> 3499 | I15: =OFFSET(G!$B$11,(ROW()-3)*25,0) -> 3180 | J15: =OFFSET(H!$B$11,(ROW()-3)*25,0) -> 0 | K15: =OFFSET(I!$B$11,(ROW()-3)*25,0) -> 0 | L15: =OFFSET(J!$B$11,(ROW()-3)*25,0) -> 0 | M15: =OFFSET(K!$B$11,(ROW()-3)*25,0) -> 0 | N15: =OFFSET(L!$B$11,(ROW()-3)*25,0) -> 0 | O15: =OFFSET(M!$B$11,(ROW()-3)*25,0) -> 0 | P15: =OFFSET(M!$B$11,(ROW()-3)*25,0) -> 0 | Q15: =OFFSET(O!$B$11,(ROW()-3)*25,0) -> 0 | R15: =OFFSET(P!$B$11,(ROW()-3)*25,0) -> 0 | S15: =OFFSET(Q!$B$11,(ROW()-3)*25,0) -> 0 | T15: =OFFSET('R'!$B$11,(ROW()-3)*25,0) -> 0 | U15: =OFFSET(S!$B$11,(ROW()-3)*25,0) -> 0 | V15: =OFFSET(T!$B$11,(ROW()-3)*25,0) -> 0
... B18: 16 | C18: =OFFSET(A!$B$11,(ROW()-3)*25,0) -> 1099 | D18: =OFFSET(B!$B$11,(ROW()-3)*25,0) -> 3120 | E18: =OFFSET('C'!$B$11,(ROW()-3)*25,0) -> 3183 | F18: =OFFSET(D!$B$11,(ROW()-3)*25,0) -> 0 | G18: =OFFSET(E!$B$11,(ROW()-3)*25,0) -> 901 | H18: =OFFSET(F!$B$11,(ROW()-3)*25,0) -> 1966 | I18: =OFFSET(G!$B$11,(ROW()-3)*25,0) -> 4067 | J18: =OFFSET(H!$B$11,(ROW()-3)*25,0) -> 0 | K18: =OFFSET(I!$B$11,(ROW()-3)*25,0) -> 0 | L18: =OFFSET(J!$B$11,(ROW()-3)*25,0) -> 0 | M18: =OFFSET(K!$B$11,(ROW()-3)*25,0) -> 0 | N18: =OFFSET(L!$B$11,(ROW()-3)*25,0) -> 0 | O18: =OFFSET(M!$B$11,(ROW()-3)*25,0) -> 0 | P18: =OFFSET(M!$B$11,(ROW()-3)*25,0) -> 0 | Q18: =OFFSET(O!$B$11,(ROW()-3)*25,0) -> 0 | R18: =OFFSET(P!$B$11,(ROW()-3)*25,0) -> 0 | S18: =OFFSET(Q!$B$11,(ROW()-3)*25,0) -> 0 | T18: =OFFSET('R'!$B$11,(ROW()-3)*25,0) -> 0 | U18: =OFFSET(S!$B$11,(ROW()-3)*25,0) -> 0 | V18: =OFFSET(T!$B$11,(ROW()-3)*25,0) -> 0
B19: 17 | C19: =OFFSET(A!$B$11,(ROW()-3)*25,0) -> 2045 | D19: =OFFSET(B!$B$11,(ROW()-3)*25,0) -> 2582 | E19: =OFFSET('C'!$B$11,(ROW()-3)*25,0) -> 1922 | F19: =OFFSET(D!$B$11,(ROW()-3)*25,0) -> 0 | G19: =OFFSET(E!$B$11,(ROW()-3)*25,0) -> 2738 | H19: =OFFSET(F!$B$11,(ROW()-3)*25,0) -> 3062 | I19: =OFFSET(G!$B$11,(ROW()-3)*25,0) -> 3346 | J19: =OFFSET(H!$B$11,(ROW()-3)*25,0) -> 0 | K19: =OFFSET(I!$B$11,(ROW()-3)*25,0) -> 0 | L19: =OFFSET(J!$B$11,(ROW()-3)*25,0) -> 0 | M19: =OFFSET(K!$B$11,(ROW()-3)*25,0) -> 0 | N19: =OFFSET(L!$B$11,(ROW()-3)*25,0) -> 0 | O19: =OFFSET(M!$B$11,(ROW()-3)*25,0) -> 0 | P19: =OFFSET(M!$B$11,(ROW()-3)*25,0) -> 0 | Q19: =OFFSET(O!$B$11,(ROW()-3)*25,0) -> 0 | R19: =OFFSET(P!$B$11,(ROW()-3)*25,0) -> 0 | S19: =OFFSET(Q!$B$11,(ROW()-3)*25,0) -> 0 | T19: =OFFSET('R'!$B$11,(ROW()-3)*25,0) -> 0 | U19: =OFFSET(S!$B$11,(ROW()-3)*25,0) -> 0 | V19: =OFFSET(T!$B$11,(ROW()-3)*25,0) -> 0 | Y19: below is only to be used if grouping susc vs resistant
B20: 18 | C20: =OFFSET(A!$B$11,(ROW()-3)*25,0) -> 1964 | D20: =OFFSET(B!$B$11,(ROW()-3)*25,0) -> 3092 | E20: =OFFSET('C'!$B$11,(ROW()-3)*25,0) -> 3171 | F20: =OFFSET(D!$B$11,(ROW()-3)*25,0) -> 0 | G20: =OFFSET(E!$B$11,(ROW()-3)*25,0) -> 2037 | H20: =OFFSET(F!$B$11,(ROW()-3)*25,0) -> 3226 | I20: =OFFSET(G!$B$11,(ROW()-3)*25,0) -> 4290 | J20: =OFFSET(H!$B$11,(ROW()-3)*25,0) -> 0 | K20: =OFFSET(I!$B$11,(ROW()-3)*25,0) -> 0 | L20: =OFFSET(J!$B$11,(ROW()-3)*25,0) -> 0 | M20: =OFFSET(K!$B$11,(ROW()-3)*25,0) -> 0 | N20: =OFFSET(L!$B$11,(ROW()-3)*25,0) -> 0 | O20: =OFFSET(M!$B$11,(ROW()-3)*25,0) -> 0 | P20: =OFFSET(M!$B$11,(ROW()-3)*25,0) -> 0 | Q20: =OFFSET(O!$B$11,(ROW()-3)*25,0) -> 0 | R20: =OFFSET(P!$B$11,(ROW()-3)*25,0) -> 0 | S20: =OFFSET(Q!$B$11,(ROW()-3)*25,0) -> 0 | T20: =OFFSET('R'!$B$11,(ROW()-3)*25,0) -> 0 | U20: =OFFSET(S!$B$11,(ROW()-3)*25,0) -> 0 | V20: =OFFSET(T!$B$11,(ROW()-3)*25,0) -> 0
B21: 19 | C21: =OFFSET(A!$B$11,(ROW()-3)*25,0) -> 2062 | D21: =OFFSET(B!$B$11,(ROW()-3)*25,0) -> 3539 | E21: =OFFSET('C'!$B$11,(ROW()-3)*25,0) -> 3215 | F21: =OFFSET(D!$B$11,(ROW()-3)*25,0) -> 0 | G21: =OFFSET(E!$B$11,(ROW()-3)*25,0) -> 2454 | H21: =OFFSET(F!$B$11,(ROW()-3)*25,0) -> 4190 | I21: =OFFSET(G!$B$11,(ROW()-3)*25,0) -> 4372 | J21: =OFFSET(H!$B$11,(ROW()-3)*25,0) -> 0 | K21: =OFFSET(I!$B$11,(ROW()-3)*25,0) -> 0 | L21: =OFFSET(J!$B$11,(ROW()-3)*25,0) -> 0 | M21: =OFFSET(K!$B$11,(ROW()-3)*25,0) -> 0 | N21: =OFFSET(L!$B$11,(ROW()-3)*25,0) -> 0 | O21: =OFFSET(M!$B$11,(ROW()-3)*25,0) -> 0 | P21: =OFFSET(M!$B$11,(ROW()-3)*25,0) -> 0 | Q21: =OFFSET(O!$B$11,(ROW()-3)*25,0) -> 0 | R21: =OFFSET(P!$B$11,(ROW()-3)*25,0) -> 0 | S21: =OFFSET(Q!$B$11,(ROW()-3)*25,0) -> 0 | T21: =OFFSET('R'!$B$11,(ROW()-3)*25,0) -> 0 | U21: =OFFSET(S!$B$11,(ROW()-3)*25,0) -> 0 | V21: =OFFSET(T!$B$11,(ROW()-3)*25,0) -> 0 | Y21: Combine Susceptible strains and resistant strains
B22: 20 | C22: =OFFSET(A!$B$11,(ROW()-3)*25,0) -> 2502 | D22: =OFFSET(B!$B$11,(ROW()-3)*25,0) -> 2864 | E22: =OFFSET('C'!$B$11,(ROW()-3)*25,0) -> 2986 | F22: =OFFSET(D!$B$11,(ROW()-3)*25,0) -> 0 | G22: =OFFSET(E!$B$11,(ROW()-3)*25,0) -> 2194 | H22: =OFFSET(F!$B$11,(ROW()-3)*25,0) -> 2149 | I22: =OFFSET(G!$B$11,(ROW()-3)*25,0) -> 4627 | J22: =OFFSET(H!$B$11,(ROW()-3)*25,0) -> 0 | K22: =OFFSET(I!$B$11,(ROW()-3)*25,0) -> 0 | L22: =OFFSET(J!$B$11,(ROW()-3)*25,0) -> 0 | M22: =OFFSET(K!$B$11,(ROW()-3)*25,0) -> 0 | N22: =OFFSET(L!$B$11,(ROW()-3)*25,0) -> 0 | O22: =OFFSET(M!$B$11,(ROW()-3)*25,0) -> 0 | P22: =OFFSET(M!$B$11,(ROW()-3)*25,0) -> 0 | Q22: =OFFSET(O!$B$11,(ROW()-3)*25,0) -> 0 | R22: =OFFSET(P!$B$11,(ROW()-3)*25,0) -> 0 | S22: =OFFSET(Q!$B$11,(ROW()-3)*25,0) -> 0 | T22: =OFFSET('R'!$B$11,(ROW()-3)*25,0) -> 0 | U22: =OFFSET(S!$B$11,(ROW()-3)*25,0) -> 0 | V22: =OFFSET(T!$B$11,(ROW()-3)*25,0) -> 0 | Y22: S-UT | Z22: S-P3 | AA22: S IG2 | AB22: s-P2 | AC22: S-OS | AD22: R_UT | AE22: R_P3 | AF22: R_IG2 | AG22: R-P2 | AH22: R-OS
B23: 21 | C23: =OFFSET(A!$B$11,(ROW()-3)*25,0) -> 1751 | D23: =OFFSET(B!$B$11,(ROW()-3)*25,0) -> 3190 | E23: =OFFSET('C'!$B$11,(ROW()-3)*25,0) -> 3775 | F23: =OFFSET(D!$B$11,(ROW()-3)*25,0) -> 0 | G23: =OFFSET(E!$B$11,(ROW()-3)*25,0) -> 2902 | H23: =OFFSET(F!$B$11,(ROW()-3)*25,0) -> 2029 | I23: =OFFSET(G!$B$11,(ROW()-3)*25,0) -> 4951 | J23: =OFFSET(H!$B$11,(ROW()-3)*25,0) -> 0 | K23: =OFFSET(I!$B$11,(ROW()-3)*25,0) -> 0 | L23: =OFFSET(J!$B$11,(ROW()-3)*25,0) -> 0 | M23: =OFFSET(K!$B$11,(ROW()-3)*25,0) -> 0 | N23: =OFFSET(L!$B$11,(ROW()-3)*25,0) -> 0 | O23: =OFFSET(M!$B$11,(ROW()-3)*25,0) -> 0 | P23: =OFFSET(M!$B$11,(ROW()-3)*25,0) -> 0 | Q23: =OFFSET(O!$B$11,(ROW()-3)*25,0) -> 0 | R23: =OFFSET(P!$B$11,(ROW()-3)*25,0) -> 0 | S23: =OFFSET(Q!$B$11,(ROW()-3)*25,0) -> 0 | T23: =OFFSET('R'!$B$11,(ROW()-3)*25,0) -> 0 | U23: =OFFSET(S!$B$11,(ROW()-3)*25,0) -> 0 | V23: =OFFSET(T!$B$11,(ROW()-3)*25,0) -> 0 | X23: mean | Y23: =C54+L54 -> 1811.619 | Z23: =M54+D54 -> 3152.4286 | AA23: =N54+E54 -> 2869.4286 | AB23: =F54+K54 -> 0 | AC23: =G54+L54 -> 1527.6667 | AD23: =I54+F54 -> 4199.1905 | AE23: =J54+G54 -> 1527.6667 | AF23: =K54+H54 -> 2778.381 | AG23: =P54+U54 -> 0 | AH23: =Q54+V54 -> 0
B24: 22 | C24: =OFFSET(A!$B$11,(ROW()-3)*25,0) -> 0 | D24: =OFFSET(B!$B$11,(ROW()-3)*25,0) -> 0 | E24: =OFFSET('C'!$B$11,(ROW()-3)*25,0) -> 0 | F24: =OFFSET(D!$B$11,(ROW()-3)*25,0) -> 0 | G24: =OFFSET(E!$B$11,(ROW()-3)*25,0) -> 0 | H24: =OFFSET(F!$B$11,(ROW()-3)*25,0) -> 0 | I24: =OFFSET(G!$B$11,(ROW()-3)*25,0) -> 0 | J24: =OFFSET(H!$B$11,(ROW()-3)*25,0) -> 0 | K24: =OFFSET(I!$B$11,(ROW()-3)*25,0) -> 0 | L24: =OFFSET(J!$B$11,(ROW()-3)*25,0) -> 0 | M24: =OFFSET(K!$B$11,(ROW()-3)*25,0) -> 0 | N24: =OFFSET(L!$B$11,(ROW()-3)*25,0) -> 0 | O24: =OFFSET(M!$B$11,(ROW()-3)*25,0) -> 0 | P24: =OFFSET(M!$B$11,(ROW()-3)*25,0) -> 0 | Q24: =OFFSET(O!$B$11,(ROW()-3)*25,0) -> 0 | R24: =OFFSET(P!$B$11,(ROW()-3)*25,0) -> 0 | S24: =OFFSET(Q!$B$11,(ROW()-3)*25,0) -> 0 | T24: =OFFSET('R'!$B$11,(ROW()-3)*25,0) -> 0 | U24: =OFFSET(S!$B$11,(ROW()-3)*25,0) -> 0 | V24: =OFFSET(T!$B$11,(ROW()-3)*25,0) -> 0
B25: 23 | C25: =OFFSET(A!$B$11,(ROW()-3)*25,0) -> 0 | D25: =OFFSET(B!$B$11,(ROW()-3)*25,0) -> 0 | E25: =OFFSET('C'!$B$11,(ROW()-3)*25,0) -> 0 | F25: =OFFSET(D!$B$11,(ROW()-3)*25,0) -> 0 | G25: =OFFSET(E!$B$11,(ROW()-3)*25,0) -> 0 | H25: =OFFSET(F!$B$11,(ROW()-3)*25,0) -> 0 | I25: =OFFSET(G!$B$11,(ROW()-3)*25,0) -> 0 | J25: =OFFSET(H!$B$11,(ROW()-3)*25,0) -> 0 | K25: =OFFSET(I!$B$11,(ROW()-3)*25,0) -> 0 | L25: =OFFSET(J!$B$11,(ROW()-3)*25,0) -> 0 | M25: =OFFSET(K!$B$11,(ROW()-3)*25,0) -> 0 | N25: =OFFSET(L!$B$11,(ROW()-3)*25,0) -> 0 | O25: =OFFSET(M!$B$11,(ROW()-3)*25,0) -> 0 | P25: =OFFSET(M!$B$11,(ROW()-3)*25,0) -> 0 | Q25: =OFFSET(O!$B$11,(ROW()-3)*25,0) -> 0 | R25: =OFFSET(P!$B$11,(ROW()-3)*25,0) -> 0 | S25: =OFFSET(Q!$B$11,(ROW()-3)*25,0) -> 0 | T25: =OFFSET('R'!$B$11,(ROW()-3)*25,0) -> 0 | U25: =OFFSET(S!$B$11,(ROW()-3)*25,0) -> 0 | V25: =OFFSET(T!$B$11,(ROW()-3)*25,0) -> 0
B26: 24 | C26: =OFFSET(A!$B$11,(ROW()-3)*25,0) -> 0 | D26: =OFFSET(B!$B$11,(ROW()-3)*25,0) -> 0 | E26: =OFFSET('C'!$B$11,(ROW()-3)*25,0) -> 0 | F26: =OFFSET(D!$B$11,(ROW()-3)*25,0) -> 0 | G26: =OFFSET(E!$B$11,(ROW()-3)*25,0) -> 0 | H26: =OFFSET(F!$B$11,(ROW()-3)*25,0) -> 0 | I26: =OFFSET(G!$B$11,(ROW()-3)*25,0) -> 0 | J26: =OFFSET(H!$B$11,(ROW()-3)*25,0) -> 0 | K26: =OFFSET(I!$B$11,(ROW()-3)*25,0) -> 0 | L26: =OFFSET(J!$B$11,(ROW()-3)*25,0) -> 0 | M26: =OFFSET(K!$B$11,(ROW()-3)*25,0) -> 0 | N26: =OFFSET(L!$B$11,(ROW()-3)*25,0) -> 0 | O26: =OFFSET(M!$B$11,(ROW()-3)*25,0) -> 0 | P26: =OFFSET(M!$B$11,(ROW()-3)*25,0) -> 0 | Q26: =OFFSET(O!$B$11,(ROW()-3)*25,0) -> 0 | R26: =OFFSET(P!$B$11,(ROW()-3)*25,0) -> 0 | S26: =OFFSET(Q!$B$11,(ROW()-3)*25,0) -> 0 | T26: =OFFSET('R'!$B$11,(ROW()-3)*25,0) -> 0 | U26: =OFFSET(S!$B$11,(ROW()-3)*25,0) -> 0 | V26: =OFFSET(T!$B$11,(ROW()-3)*25,0) -> 0
B27: 25 | C27: =OFFSET(A!$B$11,(ROW()-3)*25,0) -> 0 | D27: =OFFSET(B!$B$11,(ROW()-3)*25,0) -> 0 | E27: =OFFSET('C'!$B$11,(ROW()-3)*25,0) -> 0 | F27: =OFFSET(D!$B$11,(ROW()-3)*25,0) -> 0 | G27: =OFFSET(E!$B$11,(ROW()-3)*25,0) -> 0 | H27: =OFFSET(F!$B$11,(ROW()-3)*25,0) -> 0 | I27: =OFFSET(G!$B$11,(ROW()-3)*25,0) -> 0 | J27: =OFFSET(H!$B$11,(ROW()-3)*25,0) -> 0 | K27: =OFFSET(I!$B$11,(ROW()-3)*25,0) -> 0 | L27: =OFFSET(J!$B$11,(ROW()-3)*25,0) -> 0 | M27: =OFFSET(K!$B$11,(ROW()-3)*25,0) -> 0 | N27: =OFFSET(L!$B$11,(ROW()-3)*25,0) -> 0 | O27: =OFFSET(M!$B$11,(ROW()-3)*25,0) -> 0 | P27: =OFFSET(M!$B$11,(ROW()-3)*25,0) -> 0 | Q27: =OFFSET(O!$B$11,(ROW()-3)*25,0) -> 0 | R27: =OFFSET(P!$B$11,(ROW()-3)*25,0) -> 0 | S27: =OFFSET(Q!$B$11,(ROW()-3)*25,0) -> 0 | T27: =OFFSET('R'!$B$11,(ROW()-3)*25,0) -> 0 | U27: =OFFSET(S!$B$11,(ROW()-3)*25,0) -> 0 | V27: =OFFSET(T!$B$11,(ROW()-3)*25,0) -> 0
B28: 26 | C28: =OFFSET(A!$B$11,(ROW()-3)*25,0) -> 0 | D28: =OFFSET(B!$B$11,(ROW()-3)*25,0) -> 0 | E28: =OFFSET('C'!$B$11,(ROW()-3)*25,0) -> 0 | F28: =OFFSET(D!$B$11,(ROW()-3)*25,0) -> 0 | G28: =OFFSET(E!$B$11,(ROW()-3)*25,0) -> 0 | H28: =OFFSET(F!$B$11,(ROW()-3)*25,0) -> 0 | I28: =OFFSET(G!$B$11,(ROW()-3)*25,0) -> 0 | J28: =OFFSET(H!$B$11,(ROW()-3)*25,0) -> 0 | K28: =OFFSET(I!$B$11,(ROW()-3)*25,0) -> 0 | L28: =OFFSET(J!$B$11,(ROW()-3)*25,0) -> 0 | M28: =OFFSET(K!$B$11,(ROW()-3)*25,0) -> 0 | N28: =OFFSET(L!$B$11,(ROW()-3)*25,0) -> 0 | O28: =OFFSET(M!$B$11,(ROW()-3)*25,0) -> 0 | P28: =OFFSET(M!$B$11,(ROW()-3)*25,0) -> 0 | Q28: =OFFSET(O!$B$11,(ROW()-3)*25,0) -> 0 | R28: =OFFSET(P!$B$11,(ROW()-3)*25,0) -> 0 | S28: =OFFSET(Q!$B$11,(ROW()-3)*25,0) -> 0 | T28: =OFFSET('R'!$B$11,(ROW()-3)*25,0) -> 0 | U28: =OFFSET(S!$B$11,(ROW()-3)*25,0) -> 0 | V28: =OFFSET(T!$B$11,(ROW()-3)*25,0) -> 0
B29: 27 | C29: =OFFSET(A!$B$11,(ROW()-3)*25,0) -> 0 | D29: =OFFSET(B!$B$11,(ROW()-3)*25,0) -> 0 | E29: =OFFSET('C'!$B$11,(ROW()-3)*25,0) -> 0 | F29: =OFFSET(D!$B$11,(ROW()-3)*25,0) -> 0 | G29: =OFFSET(E!$B$11,(ROW()-3)*25,0) -> 0 | H29: =OFFSET(F!$B$11,(ROW()-3)*25,0) -> 0 | I29: =OFFSET(G!$B$11,(ROW()-3)*25,0) -> 0 | J29: =OFFSET(H!$B$11,(ROW()-3)*25,0) -> 0 | K29: =OFFSET(I!$B$11,(ROW()-3)*25,0) -> 0 | L29: =OFFSET(J!$B$11,(ROW()-3)*25,0) -> 0 | M29: =OFFSET(K!$B$11,(ROW()-3)*25,0) -> 0 | N29: =OFFSET(L!$B$11,(ROW()-3)*25,0) -> 0 | O29: =OFFSET(M!$B$11,(ROW()-3)*25,0) -> 0 | P29: =OFFSET(M!$B$11,(ROW()-3)*25,0) -> 0 | Q29: =OFFSET(O!$B$11,(ROW()-3)*25,0) -> 0 | R29: =OFFSET(P!$B$11,(ROW()-3)*25,0) -> 0 | S29: =OFFSET(Q!$B$11,(ROW()-3)*25,0) -> 0 | T29: =OFFSET('R'!$B$11,(ROW()-3)*25,0) -> 0 | U29: =OFFSET(S!$B$11,(ROW()-3)*25,0) -> 0 | V29: =OFFSET(T!$B$11,(ROW()-3)*25,0) -> 0
B30: 28 | C30: =OFFSET(A!$B$11,(ROW()-3)*25,0) -> 0 | D30: =OFFSET(B!$B$11,(ROW()-3)*25,0) -> 0 | E30: =OFFSET('C'!$B$11,(ROW()-3)*25,0) -> 0 | F30: =OFFSET(D!$B$11,(ROW()-3)*25,0) -> 0 | G30: =OFFSET(E!$B$11,(ROW()-3)*25,0) -> 0 | H30: =OFFSET(F!$B$11,(ROW()-3)*25,0) -> 0 | I30: =OFFSET(G!$B$11,(ROW()-3)*25,0) -> 0 | J30: =OFFSET(H!$B$11,(ROW()-3)*25,0) -> 0 | K30: =OFFSET(I!$B$11,(ROW()-3)*25,0) -> 0 | L30: =OFFSET(J!$B$11,(ROW()-3)*25,0) -> 0 | M30: =OFFSET(K!$B$11,(ROW()-3)*25,0) -> 0 | N30: =OFFSET(L!$B$11,(ROW()-3)*25,0) -> 0 | O30: =OFFSET(M!$B$11,(ROW()-3)*25,0) -> 0 | P30: =OFFSET(M!$B$11,(ROW()-3)*25,0) -> 0 | Q30: =OFFSET(O!$B$11,(ROW()-3)*25,0) -> 0 | R30: =OFFSET(P!$B$11,(ROW()-3)*25,0) -> 0 | S30: =OFFSET(Q!$B$11,(ROW()-3)*25,0) -> 0 | T30: =OFFSET('R'!$B$11,(ROW()-3)*25,0) -> 0 | U30: =OFFSET(S!$B$11,(ROW()-3)*25,0) -> 0 | V30: =OFFSET(T!$B$11,(ROW()-3)*25,0) -> 0
B31: 29 | C31: =OFFSET(A!$B$11,(ROW()-3)*25,0) -> 0 | D31: =OFFSET(B!$B$11,(ROW()-3)*25,0) -> 0 | E31: =OFFSET('C'!$B$11,(ROW()-3)*25,0) -> 0 | F31: =OFFSET(D!$B$11,(ROW()-3)*25,0) -> 0 | G31: =OFFSET(E!$B$11,(ROW()-3)*25,0) -> 0 | H31: =OFFSET(F!$B$11,(ROW()-3)*25,0) -> 0 | I31: =OFFSET(G!$B$11,(ROW()-3)*25,0) -> 0 | J31: =OFFSET(H!$B$11,(ROW()-3)*25,0) -> 0 | K31: =OFFSET(I!$B$11,(ROW()-3)*25,0) -> 0 | L31: =OFFSET(J!$B$11,(ROW()-3)*25,0) -> 0 | M31: =OFFSET(K!$B$11,(ROW()-3)*25,0) -> 0 | N31: =OFFSET(L!$B$11,(ROW()-3)*25,0) -> 0 | O31: =OFFSET(M!$B$11,(ROW()-3)*25,0) -> 0 | P31: =OFFSET(M!$B$11,(ROW()-3)*25,0) -> 0 | Q31: =OFFSET(O!$B$11,(ROW()-3)*25,0) -> 0 | R31: =OFFSET(P!$B$11,(ROW()-3)*25,0) -> 0 | S31: =OFFSET(Q!$B$11,(ROW()-3)*25,0) -> 0 | T31: =OFFSET('R'!$B$11,(ROW()-3)*25,0) -> 0 | U31: =OFFSET(S!$B$11,(ROW()-3)*25,0) -> 0 | V31: =OFFSET(T!$B$11,(ROW()-3)*25,0) -> 0
B32: 30 | C32: =OFFSET(A!$B$11,(ROW()-3)*25,0) -> 0 | D32: =OFFSET(B!$B$11,(ROW()-3)*25,0) -> 0 | E32: =OFFSET('C'!$B$11,(ROW()-3)*25,0) -> 0 | F32: =OFFSET(D!$B$11,(ROW()-3)*25,0) -> 0 | G32: =OFFSET(E!$B$11,(ROW()-3)*25,0) -> 0 | H32: =OFFSET(F!$B$11,(ROW()-3)*25,0) -> 0 | I32: =OFFSET(G!$B$11,(ROW()-3)*25,0) -> 0 | J32: =OFFSET(H!$B$11,(ROW()-3)*25,0) -> 0 | K32: =OFFSET(I!$B$11,(ROW()-3)*25,0) -> 0 | L32: =OFFSET(J!$B$11,(ROW()-3)*25,0) -> 0 | M32: =OFFSET(K!$B$11,(ROW()-3)*25,0) -> 0 | N32: =OFFSET(L!$B$11,(ROW()-3)*25,0) -> 0 | O32: =OFFSET(M!$B$11,(ROW()-3)*25,0) -> 0 | P32: =OFFSET(M!$B$11,(ROW()-3)*25,0) -> 0 | Q32: =OFFSET(O!$B$11,(ROW()-3)*25,0) -> 0 | R32: =OFFSET(P!$B$11,(ROW()-3)*25,0) -> 0 | S32: =OFFSET(Q!$B$11,(ROW()-3)*25,0) -> 0 | T32: =OFFSET('R'!$B$11,(ROW()-3)*25,0) -> 0 | U32: =OFFSET(S!$B$11,(ROW()-3)*25,0) -> 0 | V32: =OFFSET(T!$B$11,(ROW()-3)*25,0) -> 0
B33: 31 | C33: =OFFSET(A!$B$11,(ROW()-3)*25,0) -> 0 | D33: =OFFSET(B!$B$11,(ROW()-3)*25,0) -> 0 | E33: =OFFSET('C'!$B$11,(ROW()-3)*25,0) -> 0 | F33: =OFFSET(D!$B$11,(ROW()-3)*25,0) -> 0 | G33: =OFFSET(E!$B$11,(ROW()-3)*25,0) -> 0 | H33: =OFFSET(F!$B$11,(ROW()-3)*25,0) -> 0 | I33: =OFFSET(G!$B$11,(ROW()-3)*25,0) -> 0 | J33: =OFFSET(H!$B$11,(ROW()-3)*25,0) -> 0 | K33: =OFFSET(I!$B$11,(ROW()-3)*25,0) -> 0 | L33: =OFFSET(J!$B$11,(ROW()-3)*25,0) -> 0 | M33: =OFFSET(K!$B$11,(ROW()-3)*25,0) -> 0 | N33: =OFFSET(L!$B$11,(ROW()-3)*25,0) -> 0 | O33: =OFFSET(M!$B$11,(ROW()-3)*25,0) -> 0 | P33: =OFFSET(M!$B$11,(ROW()-3)*25,0) -> 0 | Q33: =OFFSET(O!$B$11,(ROW()-3)*25,0) -> 0 | R33: =OFFSET(P!$B$11,(ROW()-3)*25,0) -> 0 | S33: =OFFSET(Q!$B$11,(ROW()-3)*25,0) -> 0 | T33: =OFFSET('R'!$B$11,(ROW()-3)*25,0) -> 0 | U33: =OFFSET(S!$B$11,(ROW()-3)*25,0) -> 0 | V33: =OFFSET(T!$B$11,(ROW()-3)*25,0) -> 0
B34: 32 | C34: =OFFSET(A!$B$11,(ROW()-3)*25,0) -> 0 | D34: =OFFSET(B!$B$11,(ROW()-3)*25,0) -> 0 | E34: =OFFSET('C'!$B$11,(ROW()-3)*25,0) -> 0 | F34: =OFFSET(D!$B$11,(ROW()-3)*25,0) -> 0 | G34: =OFFSET(E!$B$11,(ROW()-3)*25,0) -> 0 | H34: =OFFSET(F!$B$11,(ROW()-3)*25,0) -> 0 | I34: =OFFSET(G!$B$11,(ROW()-3)*25,0) -> 0 | J34: =OFFSET(H!$B$11,(ROW()-3)*25,0) -> 0 | K34: =OFFSET(I!$B$11,(ROW()-3)*25,0) -> 0 | L34: =OFFSET(J!$B$11,(ROW()-3)*25,0) -> 0 | M34: =OFFSET(K!$B$11,(ROW()-3)*25,0) -> 0 | N34: =OFFSET(L!$B$11,(ROW()-3)*25,0) -> 0 | O34: =OFFSET(M!$B$11,(ROW()-3)*25,0) -> 0 | P34: =OFFSET(M!$B$11,(ROW()-3)*25,0) -> 0 | Q34: =OFFSET(O!$B$11,(ROW()-3)*25,0) -> 0 | R34: =OFFSET(P!$B$11,(ROW()-3)*25,0) -> 0 | S34: =OFFSET(Q!$B$11,(ROW()-3)*25,0) -> 0 | T34: =OFFSET('R'!$B$11,(ROW()-3)*25,0) -> 0 | U34: =OFFSET(S!$B$11,(ROW()-3)*25,0) -> 0 | V34: =OFFSET(T!$B$11,(ROW()-3)*25,0) -> 0
B35: 33 | C35: =OFFSET(A!$B$11,(ROW()-3)*25,0) -> 0 | D35: =OFFSET(B!$B$11,(ROW()-3)*25,0) -> 0 | E35: =OFFSET('C'!$B$11,(ROW()-3)*25,0) -> 0 | F35: =OFFSET(D!$B$11,(ROW()-3)*25,0) -> 0 | G35: =OFFSET(E!$B$11,(ROW()-3)*25,0) -> 0 | H35: =OFFSET(F!$B$11,(ROW()-3)*25,0) -> 0 | I35: =OFFSET(G!$B$11,(ROW()-3)*25,0) -> 0 | J35: =OFFSET(H!$B$11,(ROW()-3)*25,0) -> 0 | K35: =OFFSET(I!$B$11,(ROW()-3)*25,0) -> 0 | L35: =OFFSET(J!$B$11,(ROW()-3)*25,0) -> 0 | M35: =OFFSET(K!$B$11,(ROW()-3)*25,0) -> 0 | N35: =OFFSET(L!$B$11,(ROW()-3)*25,0) -> 0 | O35: =OFFSET(M!$B$11,(ROW()-3)*25,0) -> 0 | P35: =OFFSET(M!$B$11,(ROW()-3)*25,0) -> 0 | Q35: =OFFSET(O!$B$11,(ROW()-3)*25,0) -> 0 | R35: =OFFSET(P!$B$11,(ROW()-3)*25,0) -> 0 | S35: =OFFSET(Q!$B$11,(ROW()-3)*25,0) -> 0 | T35: =OFFSET('R'!$B$11,(ROW()-3)*25,0) -> 0 | U35: =OFFSET(S!$B$11,(ROW()-3)*25,0) -> 0 | V35: =OFFSET(T!$B$11,(ROW()-3)*25,0) -> 0
... B53: 51 | C53: =OFFSET(A!$B$11,(ROW()-3)*25,0) -> 0 | D53: =OFFSET(B!$B$11,(ROW()-3)*25,0) -> 0 | E53: =OFFSET('C'!$B$11,(ROW()-3)*25,0) -> 0 | F53: =OFFSET(D!$B$11,(ROW()-3)*25,0) -> 0 | G53: =OFFSET(E!$B$11,(ROW()-3)*25,0) -> 0 | H53: =OFFSET(F!$B$11,(ROW()-3)*25,0) -> 0 | I53: =OFFSET(G!$B$11,(ROW()-3)*25,0) -> 0 | J53: =OFFSET(H!$B$11,(ROW()-3)*25,0) -> 0 | K53: =OFFSET(I!$B$11,(ROW()-3)*25,0) -> 0 | L53: =OFFSET(J!$B$11,(ROW()-3)*25,0) -> 0 | M53: =OFFSET(K!$B$11,(ROW()-3)*25,0) -> 0 | N53: =OFFSET(L!$B$11,(ROW()-3)*25,0) -> 0 | O53: =OFFSET(M!$B$11,(ROW()-3)*25,0) -> 0 | P53: =OFFSET(M!$B$11,(ROW()-3)*25,0) -> 0 | Q53: =OFFSET(O!$B$11,(ROW()-3)*25,0) -> 0 | R53: =OFFSET(P!$B$11,(ROW()-3)*25,0) -> 0 | S53: =OFFSET(Q!$B$11,(ROW()-3)*25,0) -> 0 | T53: =OFFSET('R'!$B$11,(ROW()-3)*25,0) -> 0 | U53: =OFFSET(S!$B$11,(ROW()-3)*25,0) -> 0 | V53: =OFFSET(T!$B$11,(ROW()-3)*25,0) -> 0
B54: mean | C54: =AVERAGE(C3:OFFSET(C3,'file combos'!D66-1,0)) -> 1811.619 | D54: =AVERAGE(D3:OFFSET(D3,'file combos'!E66-1,0)) -> 3152.4286 | E54: =AVERAGE(E3:OFFSET(E3,'file combos'!F66-1,0)) -> 2869.4286 | F54: =AVERAGE(F3:OFFSET(F3,'file combos'!G66-1,0)) -> 0 | G54: =AVERAGE(G3:OFFSET(G3,'file combos'!H66-1,0)) -> 1527.6667 | H54: =AVERAGE(H3:OFFSET(H3,'file combos'!I66-1,0)) -> 2778.381 | I54: =AVERAGE(I3:OFFSET(I3,'file combos'!J66-1,0)) -> 4199.1905 | J54: =AVERAGE(J3:OFFSET(J3,'file combos'!K66-1,0)) -> 0 | ... V54: =AVERAGE(V3:OFFSET(V3,'file combos'!W66-1,0)) -> 0 | X54: sd | Y54: =_xlfn.STDEV.P(C3:C12,L3:L8) -> 935.66667 | Z54: =_xlfn.STDEV.P(D3:D20,M3:M23) -> 1618.5714 | AA54: =_xlfn.STDEV.P(E3:E23,N3:N23) -> 1483.6087 | AB54: =F55+K55 -> 0 | AC54: =G55+L55 -> 744.51565 | AD54: =_xlfn.STDEV.P(F3:F8,I3:I9) -> 2124.376 | AE54: =_xlfn.STDEV.P(G3:G23,J3:J23) -> 927.68159 | AF54: =_xlfn.STDEV.P(H3:H23,K3:K23) -> 1515.6957 | AG54: =Q55+V55 -> 0
B55: sd | C55: =_xlfn.STDEV.P(C3:OFFSET(C3,'file combos'!D66-1,0)) -> 886.95855 | D55: =_xlfn.STDEV.P(D3:OFFSET(D3,'file combos'!E66-1,0)) -> 558.31955 | E55: =_xlfn.STDEV.P(E3:OFFSET(E3,'file combos'!F66-1,0)) -> 534.20886 | F55: =_xlfn.STDEV.P(F3:OFFSET(F3,'file combos'!G66-1,0)) -> 0 | G55: =_xlfn.STDEV.P(G3:OFFSET(G3,'file combos'!H66-1,0)) -> 744.51565 | H55: =_xlfn.STDEV.P(H3:OFFSET(H3,'file combos'!I66-1,0)) -> 857.30177 | I55: =_xlfn.STDEV.P(I3:OFFSET(I3,'file combos'!J66-1,0)) -> 669.75572 | J55: =_xlfn.STDEV.P(J3:OFFSET(J3,'file combos'!K66-1,0)) -> 0 | ... V55: =_xlfn.STDEV.P(V3:OFFSET(V3,'file combos'!W66-1,0)) -> 0
B57: median | C57: =MEDIAN(C3:C23) -> 1823 | D57: =MEDIAN(D3:D23) -> 3190 | E57: =MEDIAN(E3:E23) -> 2777 | F57: =MEDIAN(F3:F23) -> 0 | G57: =MEDIAN(G3:G23) -> 1415 | H57: =MEDIAN(H3:H23) -> 2932 | I57: =MEDIAN(I3:I23) -> 4145 | J57: =MEDIAN(J3:J23) -> 0 | ... V57: =MEDIAN(V3:V23) -> 0
B59: I manually pasted the above summaries to generate the chart values, please order your own as you see fit to create your own chart
C60: Treatment | D60: mean | E60: sd
B61: A | C61: ='file combos'!D13 -> FAUT | D61: =C54 -> 1811.619 | E61: =C55 -> 886.95855
B62: B | C62: ='file combos'!E13 -> FAP3 | D62: =D54 -> 3152.4286 | E62: =D55 -> 558.31955
B63: C | C63: ='file combos'!F13 -> FAOSP | D63: =E54 -> 2869.4286 | E63: =E55 -> 534.20886
B64: D | C64: ='file combos'!G13 -> 0 | D64: =F54 -> 0 | E64: =F55 -> 0
B65: E | C65: ='file combos'!H13 -> FUUT | D65: =G54 -> 1527.6667 | E65: =G55 -> 744.51565
B66: F | C66: ='file combos'!I13 -> FUP3 | D66: =H54 -> 2778.381 | E66: =H55 -> 857.30177
B67: G | C67: ='file combos'!J13 -> FUOSP | D67: =I54 -> 4199.1905 | E67: =I55 -> 669.75572
B68: H | C68: ='file combos'!K13 -> 0 | D68: =J54 -> 0 | E68: =J55 -> 0
B69: I | C69: ='file combos'!L13 -> 0 | D69: =K54 -> 0 | E69: =K55 -> 0
B70: J | C70: ='file combos'!M13 -> 0 | D70: =L54 -> 0 | E70: =L55 -> 0
B71: K | C71: ='file combos'!N13 -> 0 | D71: =M54 -> 0 | E71: =M55 -> 0
B72: L | C72: ='file combos'!O13 -> 0 | D72: =N54 -> 0 | E72: =N55 -> 0
B73: M | C73: ='file combos'!P13 -> 0 | D73: =O54 -> 0 | E73: =O55 -> 0
B74: N | C74: ='file combos'!Q13 -> 0 | D74: =P54 -> 0 | E74: =P55 -> 0
B75: O | C75: ='file combos'!R13 -> 0 | D75: =Q54 -> 0 | E75: =Q55 -> 0
B76: P | C76: ='file combos'!S13 -> 0 | D76: =R54 -> 0 | E76: =R55 -> 0
B77: Q | C77: ='file combos'!T13 -> 0 | D77: =S54 -> 0 | E77: =S55 -> 0
B78: R | C78: ='file combos'!U13 -> 0 | D78: =T54 -> 0 | E78: =T55 -> 0
B79: S | C79: ='file combos'!V13 -> 0 | D79: =U54 -> 0 | E79: =U55 -> 0
B80: T | C80: ='file combos'!W13 -> 0 | D80: =V54 -> 0 | E80: =V55 -> 0

Sheet summ reg
B1: A | F1: B | J1: C | N1: D | R1: E | V1: F | Z1: G | AD1: H | AH1: I | AL1: J | AP1: K | AT1: L | AX1: M | BB1: N | BF1: O | BJ1: P | BN1: Q | BR1: R | BV1: S | BZ1: T
B2: ='file combos'!D13 -> FAUT | C2: =B2 -> FAUT | D2: =B2 -> FAUT | E2: =B2 -> FAUT | F2: ='file combos'!E13 -> FAP3 | G2: =F2 -> FAP3 | H2: =G2 -> FAP3 | I2: =H2 -> FAP3 | J2: ='file combos'!F13 -> FAOSP | K2: =J2 -> FAOSP | L2: =K2 -> FAOSP | M2: =L2 -> FAOSP | N2: ='file combos'!G13 -> 0 | O2: =N2 -> 0 | P2: =O2 -> 0 | Q2: =P2 -> 0 | R2: ='file combos'!H13 -> FUUT | S2: =R2 -> FUUT | T2: =S2 -> FUUT | U2: =T2 -> FUUT | V2: ='file combos'!I13 -> FUP3 | W2: =V2 -> FUP3 | X2: =W2 -> FUP3 | Y2: =X2 -> FUP3 | Z2: ='file combos'!J13 -> FUOSP | AA2: =Z2 -> FUOSP | AB2: =AA2 -> FUOSP | AC2: =AB2 -> FUOSP | AD2: ='file combos'!K13 -> 0 | AE2: =AD2 -> 0 | AF2: =AE2 -> 0 | AG2: =AF2 -> 0 | AH2: ='file combos'!L13 -> 0 | AI2: =AH2 -> 0 | AJ2: =AI2 -> 0 | AK2: =AJ2 -> 0 | AL2: ='file combos'!M13 -> 0 | AM2: =AL2 -> 0 | AN2: =AM2 -> 0 | AO2: =AN2 -> 0 | AP2: ='file combos'!N13 -> 0 | AQ2: =AP2 -> 0 | AR2: =AQ2 -> 0 | AS2: =AR2 -> 0 | AT2: ='file combos'!O13 -> 0 | AU2: =AT2 -> 0 | AV2: =AU2 -> 0 | AW2: =AV2 -> 0 | AX2: ='file combos'!P13 -> 0 | AY2: =AX2 -> 0 | AZ2: =AY2 -> 0 | BA2: =AZ2 -> 0 | BB2: ='file combos'!Q13 -> 0 | BC2: =BB2 -> 0 | BD2: =BC2 -> 0 | BE2: =BD2 -> 0 | BF2: ='file combos'!R13 -> 0 | BG2: =BF2 -> 0 | BH2: =BG2 -> 0 | BI2: =BH2 -> 0 | BJ2: ='file combos'!S13 -> 0 | BK2: =BJ2 -> 0 | BL2: =BK2 -> 0 | BM2: =BL2 -> 0 | BN2: ='file combos'!T13 -> 0 | BO2: =BN2 -> 0 | BP2: =BO2 -> 0 | BQ2: =BP2 -> 0 | BR2: ='file combos'!U13 -> 0 | BS2: =BR2 -> 0 | BT2: =BS2 -> 0 | BU2: =BT2 -> 0 | BV2: ='file combos'!V13 -> 0 | BW2: =BV2 -> 0 | BX2: =BW2 -> 0 | BY2: =BX2 -> 0 | BZ2: ='file combos'!W13 -> 0 | CA2: =BZ2 -> 0 | CB2: =CA2 -> 0 | CC2: =CB2 -> 0
A3: Run | B3: R0 | C3: R1 | D3: R2 | E3: R3 | F3: R0 | G3: R1 | H3: R2 | I3: R3 | J3: R0 | K3: R1 | L3: R2 | M3: R3 | N3: R0 | O3: R1 | P3: R2 | Q3: R3 | R3: R0 | S3: R1 | T3: R2 | U3: R3 | V3: R0 | W3: R1 | X3: R2 | Y3: R3 | Z3: R0 | AA3: R1 | AB3: R2 | AC3: R3 | AD3: R0 | AE3: R1 | AF3: R2 | AG3: R3 | AH3: R0 | AI3: R1 | AJ3: R2 | AK3: R3 | AL3: R0 | AM3: R1 | AN3: R2 | AO3: R3 | AP3: R0 | AQ3: R1 | AR3: R2 | AS3: R3 | AT3: R0 | AU3: R1 | AV3: R2 | AW3: R3 | AX3: R0 | AY3: R1 | AZ3: R2 | BA3: R3 | BB3: R0 | BC3: R1 | BD3: R2 | BE3: R3 | BF3: R0 | BG3: R1 | BH3: R2 | BI3: R3 | BJ3: R0 | BK3: R1 | BL3: R2 | BM3: R3 | BN3: R0 | BO3: R1 | BP3: R2 | BQ3: R3 | BR3: R0 | BS3: R1 | BT3: R2 | BU3: R3 | BV3: R0 | BW3: R1 | BX3: R2 | BY3: R3 | BZ3: R0 | CA3: R1 | CB3: R2 | CC3: R3
A4: 1 | B4: =A!$B$7 -> 49 | C4: =A!$B$8 -> 1476 | D4: =A!$B$9 -> 834 | E4: =A!$B$10 -> 73 | F4: =B!$B$7 -> 144 | G4: =B!$B$8 -> 2666 | H4: =B!$B$9 -> 674 | I4: =B!$B$10 -> 217 | J4: ='C'!$B$7 -> 25 | K4: ='C'!$B$8 -> 1530 | L4: ='C'!$B$9 -> 315 | M4: ='C'!$B$10 -> 124 | N4: =D!$B$7 -> 0 | O4: =D!$B$8 -> 0 | P4: =D!$B$9 -> 0 | Q4: =D!$B$10 -> 0 | R4: =E!$B$7 -> 85 | S4: =E!$B$8 -> 1040 | T4: =E!$B$9 -> 656 | U4: =E!$B$10 -> 181 | V4: =F!$B$7 -> 63 | W4: =F!$B$8 -> 1733 | X4: =F!$B$9 -> 1163 | Y4: =F!$B$10 -> 190 | Z4: =G!$B$7 -> 121 | AA4: =G!$B$8 -> 2184 | AB4: =G!$B$9 -> 1084 | AC4: =G!$B$10 -> 465 | AD4: =H!$B$7 -> 0 | AE4: =H!$B$8 -> 0 | AF4: =H!$B$9 -> 0 | AG4: =H!$B$10 -> 0 | AH4: =I!$B$7 -> 0 | AI4: =I!$B$8 -> 0 | AJ4: =I!$B$9 -> 0 | AK4: =I!$B$10 -> 0 | AL4: =J!$B$7 -> 0 | AM4: =J!$B$8 -> 0 | AN4: =J!$B$9 -> 0 | AO4: =J!$B$10 -> 0 | AP4: =K!$B$7 -> 0 | AQ4: =K!$B$8 -> 0 | AR4: =K!$B$9 -> 0 | AS4: =K!$B$10 -> 0 | AT4: =L!$B$7 -> 0 | AU4: =L!$B$8 -> 0 | AV4: =L!$B$9 -> 0 | AW4: =L!$B$10 -> 0 | AX4: =M!$B$7 -> 0 | AY4: =M!$B$8 -> 0 | AZ4: =M!$B$9 -> 0 | BA4: =M!$B$10 -> 0 | BB4: =N!$B$7 -> 0 | BC4: =N!$B$8 -> 0 | BD4: =N!$B$9 -> 0 | BE4: =N!$B$10 -> 0 | BF4: =O!$B$7 -> 0 | BG4: =O!$B$8 -> 0 | BH4: =O!$B$9 -> 0 | BI4: =O!$B$10 -> 0 | BJ4: =P!$B$7 -> 0 | BK4: =P!$B$8 -> 0 | BL4: =P!$B$9 -> 0 | BM4: =P!$B$10 -> 0 | BN4: =Q!$B$7 -> 0 | BO4: =Q!$B$8 -> 0 | BP4: =Q!$B$9 -> 0 | BQ4: =Q!$B$10 -> 0 | BR4: ='R'!$B$7 -> 0 | BS4: ='R'!$B$8 -> 0 | BT4: ='R'!$B$9 -> 0 | BU4: ='R'!$B$10 -> 0 | BV4: =S!$B$7 -> 0 | BW4: =S!$B$8 -> 0 | BX4: =S!$B$9 -> 0 | BY4: =S!$B$10 -> 0 | BZ4: =T!$B$7 -> 0 | CA4: =T!$B$8 -> 0 | CB4: =T!$B$9 -> 0 | CC4: =T!$B$10 -> 0
A5: 2 | B5: =OFFSET(A!$B$7,(ROW()-4)*25,0) -> 38 | C5: =OFFSET(A!$B$8,(ROW()-4)*25,0) -> 1198 | D5: =OFFSET(A!$B$9,(ROW()-4)*25,0) -> 530 | E5: =OFFSET(A!$B$10,(ROW()-4)*25,0) -> 57 | F5: =OFFSET(B!$B$7,(ROW()-4)*25,0) -> 109 | G5: =OFFSET(B!$B$8,(ROW()-4)*25,0) -> 2690 | H5: =OFFSET(B!$B$9,(ROW()-4)*25,0) -> 940 | I5: =OFFSET(B!$B$10,(ROW()-4)*25,0) -> 635 | J5: =OFFSET('C'!$B$7,(ROW()-4)*25,0) -> 36 | K5: =OFFSET('C'!$B$8,(ROW()-4)*25,0) -> 1501 | L5: =OFFSET('C'!$B$9,(ROW()-4)*25,0) -> 461 | M5: =OFFSET('C'!$B$10,(ROW()-4)*25,0) -> 171 | N5: =OFFSET(D!$B$7,(ROW()-4)*25,0) -> 0 | O5: =OFFSET(D!$B$8,(ROW()-4)*25,0) -> 0 | P5: =OFFSET(D!$B$9,(ROW()-4)*25,0) -> 0 | Q5: =OFFSET(D!$B$10,(ROW()-4)*25,0) -> 0 | R5: =OFFSET(E!$B$7,(ROW()-4)*25,0) -> 20 | S5: =OFFSET(E!$B$8,(ROW()-4)*25,0) -> 884 | T5: =OFFSET(E!$B$9,(ROW()-4)*25,0) -> 474 | U5: =OFFSET(E!$B$10,(ROW()-4)*25,0) -> 37 | V5: =OFFSET(F!$B$7,(ROW()-4)*25,0) -> 112 | W5: =OFFSET(F!$B$8,(ROW()-4)*25,0) -> 2275 | X5: =OFFSET(F!$B$9,(ROW()-4)*25,0) -> 1908 | Y5: =OFFSET(F!$B$10,(ROW()-4)*25,0) -> 375 | Z5: =OFFSET(G!$B$7,(ROW()-4)*25,0) -> 434 | AA5: =OFFSET(G!$B$8,(ROW()-4)*25,0) -> 2389 | AB5: =OFFSET(G!$B$9,(ROW()-4)*25,0) -> 665 | AC5: =OFFSET(G!$B$10,(ROW()-4)*25,0) -> 240 | AD5: =OFFSET(H!$B$7,(ROW()-4)*25,0) -> 0 | AE5: =OFFSET(H!$B$8,(ROW()-4)*25,0) -> 0 | AF5: =OFFSET(H!$B$9,(ROW()-4)*25,0) -> 0 | AG5: =OFFSET(H!$B$10,(ROW()-4)*25,0) -> 0 | AH5: =OFFSET(I!$B$7,(ROW()-4)*25,0) -> 0 | AI5: =OFFSET(I!$B$8,(ROW()-4)*25,0) -> 0 | AJ5: =OFFSET(I!$B$9,(ROW()-4)*25,0) -> 0 | AK5: =OFFSET(I!$B$10,(ROW()-4)*25,0) -> 0 | AL5: =OFFSET(J!$B$7,(ROW()-4)*25,0) -> 0 | AM5: =OFFSET(J!$B$8,(ROW()-4)*25,0) -> 0 | AN5: =OFFSET(J!$B$9,(ROW()-4)*25,0) -> 0 | AO5: =OFFSET(J!$B$10,(ROW()-4)*25,0) -> 0 | AP5: =OFFSET(K!$B$7,(ROW()-4)*25,0) -> 0 | AQ5: =OFFSET(K!$B$8,(ROW()-4)*25,0) -> 0 | AR5: =OFFSET(K!$B$9,(ROW()-4)*25,0) -> 0 | AS5: =OFFSET(K!$B$10,(ROW()-4)*25,0) -> 0 | AT5: =OFFSET(L!$B$7,(ROW()-4)*25,0) -> 0 | AU5: =OFFSET(L!$B$8,(ROW()-4)*25,0) -> 0 | AV5: =OFFSET(L!$B$9,(ROW()-4)*25,0) -> 0 | AW5: =OFFSET(L!$B$10,(ROW()-4)*25,0) -> 0 | AX5: =OFFSET(M!$B$7,(ROW()-4)*25,0) -> 0 | AY5: =OFFSET(M!$B$8,(ROW()-4)*25,0) -> 0 | AZ5: =OFFSET(M!$B$9,(ROW()-4)*25,0) -> 0 | BA5: =OFFSET(M!$B$10,(ROW()-4)*25,0) -> 0 | BB5: =OFFSET(N!$B$7,(ROW()-4)*25,0) -> 0 | BC5: =OFFSET(N!$B$8,(ROW()-4)*25,0) -> 0 | BD5: =OFFSET(N!$B$9,(ROW()-4)*25,0) -> 0 | BE5: =OFFSET(N!$B$10,(ROW()-4)*25,0) -> 0 | BF5: =OFFSET(O!$B$7,(ROW()-4)*25,0) -> 0 | BG5: =OFFSET(O!$B$8,(ROW()-4)*25,0) -> 0 | BH5: =OFFSET(O!$B$9,(ROW()-4)*25,0) -> 0 | BI5: =OFFSET(O!$B$10,(ROW()-4)*25,0) -> 0 | BJ5: =OFFSET(P!$B$7,(ROW()-4)*25,0) -> 0 | BK5: =OFFSET(P!$B$8,(ROW()-4)*25,0) -> 0 | BL5: =OFFSET(P!$B$9,(ROW()-4)*25,0) -> 0 | BM5: =OFFSET(P!$B$10,(ROW()-4)*25,0) -> 0 | BN5: =OFFSET(Q!$B$7,(ROW()-4)*25,0) -> 0 | BO5: =OFFSET(Q!$B$8,(ROW()-4)*25,0) -> 0 | BP5: =OFFSET(Q!$B$9,(ROW()-4)*25,0) -> 0 | BQ5: =OFFSET(Q!$B$10,(ROW()-4)*25,0) -> 0 | BR5: =OFFSET('R'!$B$7,(ROW()-4)*25,0) -> 0 | BS5: =OFFSET('R'!$B$8,(ROW()-4)*25,0) -> 0 | BT5: =OFFSET('R'!$B$9,(ROW()-4)*25,0) -> 0 | BU5: =OFFSET('R'!$B$10,(ROW()-4)*25,0) -> 0 | BV5: =OFFSET(S!$B$7,(ROW()-4)*25,0) -> 0 | BW5: =OFFSET(S!$B$8,(ROW()-4)*25,0) -> 0 | BX5: =OFFSET(S!$B$9,(ROW()-4)*25,0) -> 0 | BY5: =OFFSET(S!$B$10,(ROW()-4)*25,0) -> 0 | BZ5: =OFFSET(T!$B$7,(ROW()-4)*25,0) -> 0 | CA5: =OFFSET(T!$B$8,(ROW()-4)*25,0) -> 0 | CB5: =OFFSET(T!$B$9,(ROW()-4)*25,0) -> 0 | CC5: =OFFSET(T!$B$10,(ROW()-4)*25,0) -> 0
A6: 3 | B6: =OFFSET(A!$B$7,(ROW()-4)*25,0) -> 4 | C6: =OFFSET(A!$B$8,(ROW()-4)*25,0) -> 558 | D6: =OFFSET(A!$B$9,(ROW()-4)*25,0) -> 324 | E6: =OFFSET(A!$B$10,(ROW()-4)*25,0) -> 80 | F6: =OFFSET(B!$B$7,(ROW()-4)*25,0) -> 219 | G6: =OFFSET(B!$B$8,(ROW()-4)*25,0) -> 2220 | H6: =OFFSET(B!$B$9,(ROW()-4)*25,0) -> 1006 | I6: =OFFSET(B!$B$10,(ROW()-4)*25,0) -> 552 | J6: =OFFSET('C'!$B$7,(ROW()-4)*25,0) -> 26 | K6: =OFFSET('C'!$B$8,(ROW()-4)*25,0) -> 1683 | L6: =OFFSET('C'!$B$9,(ROW()-4)*25,0) -> 534 | M6: =OFFSET('C'!$B$10,(ROW()-4)*25,0) -> 364 | N6: =OFFSET(D!$B$7,(ROW()-4)*25,0) -> 0 | O6: =OFFSET(D!$B$8,(ROW()-4)*25,0) -> 0 | P6: =OFFSET(D!$B$9,(ROW()-4)*25,0) -> 0 | Q6: =OFFSET(D!$B$10,(ROW()-4)*25,0) -> 0 | R6: =OFFSET(E!$B$7,(ROW()-4)*25,0) -> 12 | S6: =OFFSET(E!$B$8,(ROW()-4)*25,0) -> 186 | T6: =OFFSET(E!$B$9,(ROW()-4)*25,0) -> 289 | U6: =OFFSET(E!$B$10,(ROW()-4)*25,0) -> 41 | V6: =OFFSET(F!$B$7,(ROW()-4)*25,0) -> 114 | W6: =OFFSET(F!$B$8,(ROW()-4)*25,0) -> 1504 | X6: =OFFSET(F!$B$9,(ROW()-4)*25,0) -> 1227 | Y6: =OFFSET(F!$B$10,(ROW()-4)*25,0) -> 375 | Z6: =OFFSET(G!$B$7,(ROW()-4)*25,0) -> 427 | AA6: =OFFSET(G!$B$8,(ROW()-4)*25,0) -> 2388 | AB6: =OFFSET(G!$B$9,(ROW()-4)*25,0) -> 1549 | AC6: =OFFSET(G!$B$10,(ROW()-4)*25,0) -> 655 | AD6: =OFFSET(H!$B$7,(ROW()-4)*25,0) -> 0 | AE6: =OFFSET(H!$B$8,(ROW()-4)*25,0) -> 0 | AF6: =OFFSET(H!$B$9,(ROW()-4)*25,0) -> 0 | AG6: =OFFSET(H!$B$10,(ROW()-4)*25,0) -> 0 | AH6: =OFFSET(I!$B$7,(ROW()-4)*25,0) -> 0 | AI6: =OFFSET(I!$B$8,(ROW()-4)*25,0) -> 0 | AJ6: =OFFSET(I!$B$9,(ROW()-4)*25,0) -> 0 | AK6: =OFFSET(I!$B$10,(ROW()-4)*25,0) -> 0 | AL6: =OFFSET(J!$B$7,(ROW()-4)*25,0) -> 0 | AM6: =OFFSET(J!$B$8,(ROW()-4)*25,0) -> 0 | AN6: =OFFSET(J!$B$9,(ROW()-4)*25,0) -> 0 | AO6: =OFFSET(J!$B$10,(ROW()-4)*25,0) -> 0 | AP6: =OFFSET(K!$B$7,(ROW()-4)*25,0) -> 0 | AQ6: =OFFSET(K!$B$8,(ROW()-4)*25,0) -> 0 | AR6: =OFFSET(K!$B$9,(ROW()-4)*25,0) -> 0 | AS6: =OFFSET(K!$B$10,(ROW()-4)*25,0) -> 0 | AT6: =OFFSET(L!$B$7,(ROW()-4)*25,0) -> 0 | AU6: =OFFSET(L!$B$8,(ROW()-4)*25,0) -> 0 | AV6: =OFFSET(L!$B$9,(ROW()-4)*25,0) -> 0 | AW6: =OFFSET(L!$B$10,(ROW()-4)*25,0) -> 0 | AX6: =OFFSET(M!$B$7,(ROW()-4)*25,0) -> 0 | AY6: =OFFSET(M!$B$8,(ROW()-4)*25,0) -> 0 | AZ6: =OFFSET(M!$B$9,(ROW()-4)*25,0) -> 0 | BA6: =OFFSET(M!$B$10,(ROW()-4)*25,0) -> 0 | BB6: =OFFSET(N!$B$7,(ROW()-4)*25,0) -> 0 | BC6: =OFFSET(N!$B$8,(ROW()-4)*25,0) -> 0 | BD6: =OFFSET(N!$B$9,(ROW()-4)*25,0) -> 0 | BE6: =OFFSET(N!$B$10,(ROW()-4)*25,0) -> 0 | BF6: =OFFSET(O!$B$7,(ROW()-4)*25,0) -> 0 | BG6: =OFFSET(O!$B$8,(ROW()-4)*25,0) -> 0 | BH6: =OFFSET(O!$B$9,(ROW()-4)*25,0) -> 0 | BI6: =OFFSET(O!$B$10,(ROW()-4)*25,0) -> 0 | BJ6: =OFFSET(P!$B$7,(ROW()-4)*25,0) -> 0 | BK6: =OFFSET(P!$B$8,(ROW()-4)*25,0) -> 0 | BL6: =OFFSET(P!$B$9,(ROW()-4)*25,0) -> 0 | BM6: =OFFSET(P!$B$10,(ROW()-4)*25,0) -> 0 | BN6: =OFFSET(Q!$B$7,(ROW()-4)*25,0) -> 0 | BO6: =OFFSET(Q!$B$8,(ROW()-4)*25,0) -> 0 | BP6: =OFFSET(Q!$B$9,(ROW()-4)*25,0) -> 0 | BQ6: =OFFSET(Q!$B$10,(ROW()-4)*25,0) -> 0 | BR6: =OFFSET('R'!$B$7,(ROW()-4)*25,0) -> 0 | BS6: =OFFSET('R'!$B$8,(ROW()-4)*25,0) -> 0 | BT6: =OFFSET('R'!$B$9,(ROW()-4)*25,0) -> 0 | BU6: =OFFSET('R'!$B$10,(ROW()-4)*25,0) -> 0 | BV6: =OFFSET(S!$B$7,(ROW()-4)*25,0) -> 0 | BW6: =OFFSET(S!$B$8,(ROW()-4)*25,0) -> 0 | BX6: =OFFSET(S!$B$9,(ROW()-4)*25,0) -> 0 | BY6: =OFFSET(S!$B$10,(ROW()-4)*25,0) -> 0 | BZ6: =OFFSET(T!$B$7,(ROW()-4)*25,0) -> 0 | CA6: =OFFSET(T!$B$8,(ROW()-4)*25,0) -> 0 | CB6: =OFFSET(T!$B$9,(ROW()-4)*25,0) -> 0 | CC6: =OFFSET(T!$B$10,(ROW()-4)*25,0) -> 0
A7: 4 | B7: =OFFSET(A!$B$7,(ROW()-4)*25,0) -> 2 | C7: =OFFSET(A!$B$8,(ROW()-4)*25,0) -> 198 | D7: =OFFSET(A!$B$9,(ROW()-4)*25,0) -> 41 | E7: =OFFSET(A!$B$10,(ROW()-4)*25,0) -> 3 | F7: =OFFSET(B!$B$7,(ROW()-4)*25,0) -> 240 | G7: =OFFSET(B!$B$8,(ROW()-4)*25,0) -> 992 | H7: =OFFSET(B!$B$9,(ROW()-4)*25,0) -> 782 | I7: =OFFSET(B!$B$10,(ROW()-4)*25,0) -> 746 | J7: =OFFSET('C'!$B$7,(ROW()-4)*25,0) -> 20 | K7: =OFFSET('C'!$B$8,(ROW()-4)*25,0) -> 2097 | L7: =OFFSET('C'!$B$9,(ROW()-4)*25,0) -> 480 | M7: =OFFSET('C'!$B$10,(ROW()-4)*25,0) -> 29 | N7: =OFFSET(D!$B$7,(ROW()-4)*25,0) -> 0 | O7: =OFFSET(D!$B$8,(ROW()-4)*25,0) -> 0 | P7: =OFFSET(D!$B$9,(ROW()-4)*25,0) -> 0 | Q7: =OFFSET(D!$B$10,(ROW()-4)*25,0) -> 0 | R7: =OFFSET(E!$B$7,(ROW()-4)*25,0) -> 8 | S7: =OFFSET(E!$B$8,(ROW()-4)*25,0) -> 79 | T7: =OFFSET(E!$B$9,(ROW()-4)*25,0) -> 45 | U7: =OFFSET(E!$B$10,(ROW()-4)*25,0) -> 61 | V7: =OFFSET(F!$B$7,(ROW()-4)*25,0) -> 177 | W7: =OFFSET(F!$B$8,(ROW()-4)*25,0) -> 828 | X7: =OFFSET(F!$B$9,(ROW()-4)*25,0) -> 476 | Y7: =OFFSET(F!$B$10,(ROW()-4)*25,0) -> 392 | Z7: =OFFSET(G!$B$7,(ROW()-4)*25,0) -> 189 | AA7: =OFFSET(G!$B$8,(ROW()-4)*25,0) -> 1896 | AB7: =OFFSET(G!$B$9,(ROW()-4)*25,0) -> 975 | AC7: =OFFSET(G!$B$10,(ROW()-4)*25,0) -> 157 | AD7: =OFFSET(H!$B$7,(ROW()-4)*25,0) -> 0 | AE7: =OFFSET(H!$B$8,(ROW()-4)*25,0) -> 0 | AF7: =OFFSET(H!$B$9,(ROW()-4)*25,0) -> 0 | AG7: =OFFSET(H!$B$10,(ROW()-4)*25,0) -> 0 | AH7: =OFFSET(I!$B$7,(ROW()-4)*25,0) -> 0 | AI7: =OFFSET(I!$B$8,(ROW()-4)*25,0) -> 0 | AJ7: =OFFSET(I!$B$9,(ROW()-4)*25,0) -> 0 | AK7: =OFFSET(I!$B$10,(ROW()-4)*25,0) -> 0 | AL7: =OFFSET(J!$B$7,(ROW()-4)*25,0) -> 0 | AM7: =OFFSET(J!$B$8,(ROW()-4)*25,0) -> 0 | AN7: =OFFSET(J!$B$9,(ROW()-4)*25,0) -> 0 | AO7: =OFFSET(J!$B$10,(ROW()-4)*25,0) -> 0 | AP7: =OFFSET(K!$B$7,(ROW()-4)*25,0) -> 0 | AQ7: =OFFSET(K!$B$8,(ROW()-4)*25,0) -> 0 | AR7: =OFFSET(K!$B$9,(ROW()-4)*25,0) -> 0 | AS7: =OFFSET(K!$B$10,(ROW()-4)*25,0) -> 0 | AT7: =OFFSET(L!$B$7,(ROW()-4)*25,0) -> 0 | AU7: =OFFSET(L!$B$8,(ROW()-4)*25,0) -> 0 | AV7: =OFFSET(L!$B$9,(ROW()-4)*25,0) -> 0 | AW7: =OFFSET(L!$B$10,(ROW()-4)*25,0) -> 0 | AX7: =OFFSET(M!$B$7,(ROW()-4)*25,0) -> 0 | AY7: =OFFSET(M!$B$8,(ROW()-4)*25,0) -> 0 | AZ7: =OFFSET(M!$B$9,(ROW()-4)*25,0) -> 0 | BA7: =OFFSET(M!$B$10,(ROW()-4)*25,0) -> 0 | BB7: =OFFSET(N!$B$7,(ROW()-4)*25,0) -> 0 | BC7: =OFFSET(N!$B$8,(ROW()-4)*25,0) -> 0 | BD7: =OFFSET(N!$B$9,(ROW()-4)*25,0) -> 0 | BE7: =OFFSET(N!$B$10,(ROW()-4)*25,0) -> 0 | BF7: =OFFSET(O!$B$7,(ROW()-4)*25,0) -> 0 | BG7: =OFFSET(O!$B$8,(ROW()-4)*25,0) -> 0 | BH7: =OFFSET(O!$B$9,(ROW()-4)*25,0) -> 0 | BI7: =OFFSET(O!$B$10,(ROW()-4)*25,0) -> 0 | BJ7: =OFFSET(P!$B$7,(ROW()-4)*25,0) -> 0 | BK7: =OFFSET(P!$B$8,(ROW()-4)*25,0) -> 0 | BL7: =OFFSET(P!$B$9,(ROW()-4)*25,0) -> 0 | BM7: =OFFSET(P!$B$10,(ROW()-4)*25,0) -> 0 | BN7: =OFFSET(Q!$B$7,(ROW()-4)*25,0) -> 0 | BO7: =OFFSET(Q!$B$8,(ROW()-4)*25,0) -> 0 | BP7: =OFFSET(Q!$B$9,(ROW()-4)*25,0) -> 0 | BQ7: =OFFSET(Q!$B$10,(ROW()-4)*25,0) -> 0 | BR7: =OFFSET('R'!$B$7,(ROW()-4)*25,0) -> 0 | BS7: =OFFSET('R'!$B$8,(ROW()-4)*25,0) -> 0 | BT7: =OFFSET('R'!$B$9,(ROW()-4)*25,0) -> 0 | BU7: =OFFSET('R'!$B$10,(ROW()-4)*25,0) -> 0 | BV7: =OFFSET(S!$B$7,(ROW()-4)*25,0) -> 0 | BW7: =OFFSET(S!$B$8,(ROW()-4)*25,0) -> 0 | BX7: =OFFSET(S!$B$9,(ROW()-4)*25,0) -> 0 | BY7: =OFFSET(S!$B$10,(ROW()-4)*25,0) -> 0 | BZ7: =OFFSET(T!$B$7,(ROW()-4)*25,0) -> 0 | CA7: =OFFSET(T!$B$8,(ROW()-4)*25,0) -> 0 | CB7: =OFFSET(T!$B$9,(ROW()-4)*25,0) -> 0 | CC7: =OFFSET(T!$B$10,(ROW()-4)*25,0) -> 0
A8: 5 | B8: =OFFSET(A!$B$7,(ROW()-4)*25,0) -> 8 | C8: =OFFSET(A!$B$8,(ROW()-4)*25,0) -> 835 | D8: =OFFSET(A!$B$9,(ROW()-4)*25,0) -> 334 | E8: =OFFSET(A!$B$10,(ROW()-4)*25,0) -> 100 | F8: =OFFSET(B!$B$7,(ROW()-4)*25,0) -> 82 | G8: =OFFSET(B!$B$8,(ROW()-4)*25,0) -> 1149 | H8: =OFFSET(B!$B$9,(ROW()-4)*25,0) -> 729 | I8: =OFFSET(B!$B$10,(ROW()-4)*25,0) -> 341 | J8: =OFFSET('C'!$B$7,(ROW()-4)*25,0) -> 18 | K8: =OFFSET('C'!$B$8,(ROW()-4)*25,0) -> 1965 | L8: =OFFSET('C'!$B$9,(ROW()-4)*25,0) -> 462 | M8: =OFFSET('C'!$B$10,(ROW()-4)*25,0) -> 128 | N8: =OFFSET(D!$B$7,(ROW()-4)*25,0) -> 0 | O8: =OFFSET(D!$B$8,(ROW()-4)*25,0) -> 0 | P8: =OFFSET(D!$B$9,(ROW()-4)*25,0) -> 0 | Q8: =OFFSET(D!$B$10,(ROW()-4)*25,0) -> 0 | R8: =OFFSET(E!$B$7,(ROW()-4)*25,0) -> 196 | S8: =OFFSET(E!$B$8,(ROW()-4)*25,0) -> 628 | T8: =OFFSET(E!$B$9,(ROW()-4)*25,0) -> 867 | U8: =OFFSET(E!$B$10,(ROW()-4)*25,0) -> 579 | V8: =OFFSET(F!$B$7,(ROW()-4)*25,0) -> 131 | W8: =OFFSET(F!$B$8,(ROW()-4)*25,0) -> 1670 | X8: =OFFSET(F!$B$9,(ROW()-4)*25,0) -> 659 | Y8: =OFFSET(F!$B$10,(ROW()-4)*25,0) -> 285 | Z8: =OFFSET(G!$B$7,(ROW()-4)*25,0) -> 159 | AA8: =OFFSET(G!$B$8,(ROW()-4)*25,0) -> 2302 | AB8: =OFFSET(G!$B$9,(ROW()-4)*25,0) -> 678 | AC8: =OFFSET(G!$B$10,(ROW()-4)*25,0) -> 170 | AD8: =OFFSET(H!$B$7,(ROW()-4)*25,0) -> 0 | AE8: =OFFSET(H!$B$8,(ROW()-4)*25,0) -> 0 | AF8: =OFFSET(H!$B$9,(ROW()-4)*25,0) -> 0 | AG8: =OFFSET(H!$B$10,(ROW()-4)*25,0) -> 0 | AH8: =OFFSET(I!$B$7,(ROW()-4)*25,0) -> 0 | AI8: =OFFSET(I!$B$8,(ROW()-4)*25,0) -> 0 | AJ8: =OFFSET(I!$B$9,(ROW()-4)*25,0) -> 0 | AK8: =OFFSET(I!$B$10,(ROW()-4)*25,0) -> 0 | AL8: =OFFSET(J!$B$7,(ROW()-4)*25,0) -> 0 | AM8: =OFFSET(J!$B$8,(ROW()-4)*25,0) -> 0 | AN8: =OFFSET(J!$B$9,(ROW()-4)*25,0) -> 0 | AO8: =OFFSET(J!$B$10,(ROW()-4)*25,0) -> 0 | AP8: =OFFSET(K!$B$7,(ROW()-4)*25,0) -> 0 | AQ8: =OFFSET(K!$B$8,(ROW()-4)*25,0) -> 0 | AR8: =OFFSET(K!$B$9,(ROW()-4)*25,0) -> 0 | AS8: =OFFSET(K!$B$10,(ROW()-4)*25,0) -> 0 | AT8: =OFFSET(L!$B$7,(ROW()-4)*25,0) -> 0 | AU8: =OFFSET(L!$B$8,(ROW()-4)*25,0) -> 0 | AV8: =OFFSET(L!$B$9,(ROW()-4)*25,0) -> 0 | AW8: =OFFSET(L!$B$10,(ROW()-4)*25,0) -> 0 | AX8: =OFFSET(M!$B$7,(ROW()-4)*25,0) -> 0 | AY8: =OFFSET(M!$B$8,(ROW()-4)*25,0) -> 0 | AZ8: =OFFSET(M!$B$9,(ROW()-4)*25,0) -> 0 | BA8: =OFFSET(M!$B$10,(ROW()-4)*25,0) -> 0 | BB8: =OFFSET(N!$B$7,(ROW()-4)*25,0) -> 0 | BC8: =OFFSET(N!$B$8,(ROW()-4)*25,0) -> 0 | BD8: =OFFSET(N!$B$9,(ROW()-4)*25,0) -> 0 | BE8: =OFFSET(N!$B$10,(ROW()-4)*25,0) -> 0 | BF8: =OFFSET(O!$B$7,(ROW()-4)*25,0) -> 0 | BG8: =OFFSET(O!$B$8,(ROW()-4)*25,0) -> 0 | BH8: =OFFSET(O!$B$9,(ROW()-4)*25,0) -> 0 | BI8: =OFFSET(O!$B$10,(ROW()-4)*25,0) -> 0 | BJ8: =OFFSET(P!$B$7,(ROW()-4)*25,0) -> 0 | BK8: =OFFSET(P!$B$8,(ROW()-4)*25,0) -> 0 | BL8: =OFFSET(P!$B$9,(ROW()-4)*25,0) -> 0 | BM8: =OFFSET(P!$B$10,(ROW()-4)*25,0) -> 0 | BN8: =OFFSET(Q!$B$7,(ROW()-4)*25,0) -> 0 | BO8: =OFFSET(Q!$B$8,(ROW()-4)*25,0) -> 0 | BP8: =OFFSET(Q!$B$9,(ROW()-4)*25,0) -> 0 | BQ8: =OFFSET(Q!$B$10,(ROW()-4)*25,0) -> 0 | BR8: =OFFSET('R'!$B$7,(ROW()-4)*25,0) -> 0 | BS8: =OFFSET('R'!$B$8,(ROW()-4)*25,0) -> 0 | BT8: =OFFSET('R'!$B$9,(ROW()-4)*25,0) -> 0 | BU8: =OFFSET('R'!$B$10,(ROW()-4)*25,0) -> 0 | BV8: =OFFSET(S!$B$7,(ROW()-4)*25,0) -> 0 | BW8: =OFFSET(S!$B$8,(ROW()-4)*25,0) -> 0 | BX8: =OFFSET(S!$B$9,(ROW()-4)*25,0) -> 0 | BY8: =OFFSET(S!$B$10,(ROW()-4)*25,0) -> 0 | BZ8: =OFFSET(T!$B$7,(ROW()-4)*25,0) -> 0 | CA8: =OFFSET(T!$B$8,(ROW()-4)*25,0) -> 0 | CB8: =OFFSET(T!$B$9,(ROW()-4)*25,0) -> 0 | CC8: =OFFSET(T!$B$10,(ROW()-4)*25,0) -> 0
A9: 6 | B9: =OFFSET(A!$B$7,(ROW()-4)*25,0) -> 0 | C9: =OFFSET(A!$B$8,(ROW()-4)*25,0) -> 344 | D9: =OFFSET(A!$B$9,(ROW()-4)*25,0) -> 214 | E9: =OFFSET(A!$B$10,(ROW()-4)*25,0) -> 77 | F9: =OFFSET(B!$B$7,(ROW()-4)*25,0) -> 67 | G9: =OFFSET(B!$B$8,(ROW()-4)*25,0) -> 2308 | H9: =OFFSET(B!$B$9,(ROW()-4)*25,0) -> 573 | I9: =OFFSET(B!$B$10,(ROW()-4)*25,0) -> 406 | J9: =OFFSET('C'!$B$7,(ROW()-4)*25,0) -> 28 | K9: =OFFSET('C'!$B$8,(ROW()-4)*25,0) -> 2107 | L9: =OFFSET('C'!$B$9,(ROW()-4)*25,0) -> 503 | M9: =OFFSET('C'!$B$10,(ROW()-4)*25,0) -> 139 | N9: =OFFSET(D!$B$7,(ROW()-4)*25,0) -> 0 | O9: =OFFSET(D!$B$8,(ROW()-4)*25,0) -> 0 | P9: =OFFSET(D!$B$9,(ROW()-4)*25,0) -> 0 | Q9: =OFFSET(D!$B$10,(ROW()-4)*25,0) -> 0 | R9: =OFFSET(E!$B$7,(ROW()-4)*25,0) -> 2 | S9: =OFFSET(E!$B$8,(ROW()-4)*25,0) -> 527 | T9: =OFFSET(E!$B$9,(ROW()-4)*25,0) -> 221 | U9: =OFFSET(E!$B$10,(ROW()-4)*25,0) -> 24 | V9: =OFFSET(F!$B$7,(ROW()-4)*25,0) -> 689 | W9: =OFFSET(F!$B$8,(ROW()-4)*25,0) -> 1531 | X9: =OFFSET(F!$B$9,(ROW()-4)*25,0) -> 345 | Y9: =OFFSET(F!$B$10,(ROW()-4)*25,0) -> 120 | Z9: =OFFSET(G!$B$7,(ROW()-4)*25,0) -> 604 | AA9: =OFFSET(G!$B$8,(ROW()-4)*25,0) -> 2666 | AB9: =OFFSET(G!$B$9,(ROW()-4)*25,0) -> 1079 | AC9: =OFFSET(G!$B$10,(ROW()-4)*25,0) -> 687 | AD9: =OFFSET(H!$B$7,(ROW()-4)*25,0) -> 0 | AE9: =OFFSET(H!$B$8,(ROW()-4)*25,0) -> 0 | AF9: =OFFSET(H!$B$9,(ROW()-4)*25,0) -> 0 | AG9: =OFFSET(H!$B$10,(ROW()-4)*25,0) -> 0 | AH9: =OFFSET(I!$B$7,(ROW()-4)*25,0) -> 0 | AI9: =OFFSET(I!$B$8,(ROW()-4)*25,0) -> 0 | AJ9: =OFFSET(I!$B$9,(ROW()-4)*25,0) -> 0 | AK9: =OFFSET(I!$B$10,(ROW()-4)*25,0) -> 0 | AL9: =OFFSET(J!$B$7,(ROW()-4)*25,0) -> 0 | AM9: =OFFSET(J!$B$8,(ROW()-4)*25,0) -> 0 | AN9: =OFFSET(J!$B$9,(ROW()-4)*25,0) -> 0 | AO9: =OFFSET(J!$B$10,(ROW()-4)*25,0) -> 0 | AP9: =OFFSET(K!$B$7,(ROW()-4)*25,0) -> 0 | AQ9: =OFFSET(K!$B$8,(ROW()-4)*25,0) -> 0 | AR9: =OFFSET(K!$B$9,(ROW()-4)*25,0) -> 0 | AS9: =OFFSET(K!$B$10,(ROW()-4)*25,0) -> 0 | AT9: =OFFSET(L!$B$7,(ROW()-4)*25,0) -> 0 | AU9: =OFFSET(L!$B$8,(ROW()-4)*25,0) -> 0 | AV9: =OFFSET(L!$B$9,(ROW()-4)*25,0) -> 0 | AW9: =OFFSET(L!$B$10,(ROW()-4)*25,0) -> 0 | AX9: =OFFSET(M!$B$7,(ROW()-4)*25,0) -> 0 | AY9: =OFFSET(M!$B$8,(ROW()-4)*25,0) -> 0 | AZ9: =OFFSET(M!$B$9,(ROW()-4)*25,0) -> 0 | BA9: =OFFSET(M!$B$10,(ROW()-4)*25,0) -> 0 | BB9: =OFFSET(N!$B$7,(ROW()-4)*25,0) -> 0 | BC9: =OFFSET(N!$B$8,(ROW()-4)*25,0) -> 0 | BD9: =OFFSET(N!$B$9,(ROW()-4)*25,0) -> 0 | BE9: =OFFSET(N!$B$10,(ROW()-4)*25,0) -> 0 | BF9: =OFFSET(O!$B$7,(ROW()-4)*25,0) -> 0 | BG9: =OFFSET(O!$B$8,(ROW()-4)*25,0) -> 0 | BH9: =OFFSET(O!$B$9,(ROW()-4)*25,0) -> 0 | BI9: =OFFSET(O!$B$10,(ROW()-4)*25,0) -> 0 | BJ9: =OFFSET(P!$B$7,(ROW()-4)*25,0) -> 0 | BK9: =OFFSET(P!$B$8,(ROW()-4)*25,0) -> 0 | BL9: =OFFSET(P!$B$9,(ROW()-4)*25,0) -> 0 | BM9: =OFFSET(P!$B$10,(ROW()-4)*25,0) -> 0 | BN9: =OFFSET(Q!$B$7,(ROW()-4)*25,0) -> 0 | BO9: =OFFSET(Q!$B$8,(ROW()-4)*25,0) -> 0 | BP9: =OFFSET(Q!$B$9,(ROW()-4)*25,0) -> 0 | BQ9: =OFFSET(Q!$B$10,(ROW()-4)*25,0) -> 0 | BR9: =OFFSET('R'!$B$7,(ROW()-4)*25,0) -> 0 | BS9: =OFFSET('R'!$B$8,(ROW()-4)*25,0) -> 0 | BT9: =OFFSET('R'!$B$9,(ROW()-4)*25,0) -> 0 | BU9: =OFFSET('R'!$B$10,(ROW()-4)*25,0) -> 0 | BV9: =OFFSET(S!$B$7,(ROW()-4)*25,0) -> 0 | BW9: =OFFSET(S!$B$8,(ROW()-4)*25,0) -> 0 | BX9: =OFFSET(S!$B$9,(ROW()-4)*25,0) -> 0 | BY9: =OFFSET(S!$B$10,(ROW()-4)*25,0) -> 0 | BZ9: =OFFSET(T!$B$7,(ROW()-4)*25,0) -> 0 | CA9: =OFFSET(T!$B$8,(ROW()-4)*25,0) -> 0 | CB9: =OFFSET(T!$B$9,(ROW()-4)*25,0) -> 0 | CC9: =OFFSET(T!$B$10,(ROW()-4)*25,0) -> 0
A10: 7 | B10: =OFFSET(A!$B$7,(ROW()-4)*25,0) -> 49 | C10: =OFFSET(A!$B$8,(ROW()-4)*25,0) -> 1200 | D10: =OFFSET(A!$B$9,(ROW()-4)*25,0) -> 264 | E10: =OFFSET(A!$B$10,(ROW()-4)*25,0) -> 158 | F10: =OFFSET(B!$B$7,(ROW()-4)*25,0) -> 65 | G10: =OFFSET(B!$B$8,(ROW()-4)*25,0) -> 1169 | H10: =OFFSET(B!$B$9,(ROW()-4)*25,0) -> 572 | I10: =OFFSET(B!$B$10,(ROW()-4)*25,0) -> 242 | J10: =OFFSET('C'!$B$7,(ROW()-4)*25,0) -> 93 | K10: =OFFSET('C'!$B$8,(ROW()-4)*25,0) -> 1861 | L10: =OFFSET('C'!$B$9,(ROW()-4)*25,0) -> 540 | M10: =OFFSET('C'!$B$10,(ROW()-4)*25,0) -> 128 | N10: =OFFSET(D!$B$7,(ROW()-4)*25,0) -> 0 | O10: =OFFSET(D!$B$8,(ROW()-4)*25,0) -> 0 | P10: =OFFSET(D!$B$9,(ROW()-4)*25,0) -> 0 | Q10: =OFFSET(D!$B$10,(ROW()-4)*25,0) -> 0 | R10: =OFFSET(E!$B$7,(ROW()-4)*25,0) -> 0 | S10: =OFFSET(E!$B$8,(ROW()-4)*25,0) -> 363 | T10: =OFFSET(E!$B$9,(ROW()-4)*25,0) -> 65 | U10: =OFFSET(E!$B$10,(ROW()-4)*25,0) -> 0 | V10: =OFFSET(F!$B$7,(ROW()-4)*25,0) -> 635 | W10: =OFFSET(F!$B$8,(ROW()-4)*25,0) -> 1334 | X10: =OFFSET(F!$B$9,(ROW()-4)*25,0) -> 532 | Y10: =OFFSET(F!$B$10,(ROW()-4)*25,0) -> 504 | Z10: =OFFSET(G!$B$7,(ROW()-4)*25,0) -> 361 | AA10: =OFFSET(G!$B$8,(ROW()-4)*25,0) -> 3091 | AB10: =OFFSET(G!$B$9,(ROW()-4)*25,0) -> 1015 | AC10: =OFFSET(G!$B$10,(ROW()-4)*25,0) -> 245 | AD10: =OFFSET(H!$B$7,(ROW()-4)*25,0) -> 0 | AE10: =OFFSET(H!$B$8,(ROW()-4)*25,0) -> 0 | AF10: =OFFSET(H!$B$9,(ROW()-4)*25,0) -> 0 | AG10: =OFFSET(H!$B$10,(ROW()-4)*25,0) -> 0 | AH10: =OFFSET(I!$B$7,(ROW()-4)*25,0) -> 0 | AI10: =OFFSET(I!$B$8,(ROW()-4)*25,0) -> 0 | AJ10: =OFFSET(I!$B$9,(ROW()-4)*25,0) -> 0 | AK10: =OFFSET(I!$B$10,(ROW()-4)*25,0) -> 0 | AL10: =OFFSET(J!$B$7,(ROW()-4)*25,0) -> 0 | AM10: =OFFSET(J!$B$8,(ROW()-4)*25,0) -> 0 | AN10: =OFFSET(J!$B$9,(ROW()-4)*25,0) -> 0 | AO10: =OFFSET(J!$B$10,(ROW()-4)*25,0) -> 0 | AP10: =OFFSET(K!$B$7,(ROW()-4)*25,0) -> 0 | AQ10: =OFFSET(K!$B$8,(ROW()-4)*25,0) -> 0 | AR10: =OFFSET(K!$B$9,(ROW()-4)*25,0) -> 0 | AS10: =OFFSET(K!$B$10,(ROW()-4)*25,0) -> 0 | AT10: =OFFSET(L!$B$7,(ROW()-4)*25,0) -> 0 | AU10: =OFFSET(L!$B$8,(ROW()-4)*25,0) -> 0 | AV10: =OFFSET(L!$B$9,(ROW()-4)*25,0) -> 0 | AW10: =OFFSET(L!$B$10,(ROW()-4)*25,0) -> 0 | AX10: =OFFSET(M!$B$7,(ROW()-4)*25,0) -> 0 | AY10: =OFFSET(M!$B$8,(ROW()-4)*25,0) -> 0 | AZ10: =OFFSET(M!$B$9,(ROW()-4)*25,0) -> 0 | BA10: =OFFSET(M!$B$10,(ROW()-4)*25,0) -> 0 | BB10: =OFFSET(N!$B$7,(ROW()-4)*25,0) -> 0 | BC10: =OFFSET(N!$B$8,(ROW()-4)*25,0) -> 0 | BD10: =OFFSET(N!$B$9,(ROW()-4)*25,0) -> 0 | BE10: =OFFSET(N!$B$10,(ROW()-4)*25,0) -> 0 | BF10: =OFFSET(O!$B$7,(ROW()-4)*25,0) -> 0 | BG10: =OFFSET(O!$B$8,(ROW()-4)*25,0) -> 0 | BH10: =OFFSET(O!$B$9,(ROW()-4)*25,0) -> 0 | BI10: =OFFSET(O!$B$10,(ROW()-4)*25,0) -> 0 | BJ10: =OFFSET(P!$B$7,(ROW()-4)*25,0) -> 0 | BK10: =OFFSET(P!$B$8,(ROW()-4)*25,0) -> 0 | BL10: =OFFSET(P!$B$9,(ROW()-4)*25,0) -> 0 | BM10: =OFFSET(P!$B$10,(ROW()-4)*25,0) -> 0 | BN10: =OFFSET(Q!$B$7,(ROW()-4)*25,0) -> 0 | BO10: =OFFSET(Q!$B$8,(ROW()-4)*25,0) -> 0 | BP10: =OFFSET(Q!$B$9,(ROW()-4)*25,0) -> 0 | BQ10: =OFFSET(Q!$B$10,(ROW()-4)*25,0) -> 0 | BR10: =OFFSET('R'!$B$7,(ROW()-4)*25,0) -> 0 | BS10: =OFFSET('R'!$B$8,(ROW()-4)*25,0) -> 0 | BT10: =OFFSET('R'!$B$9,(ROW()-4)*25,0) -> 0 | BU10: =OFFSET('R'!$B$10,(ROW()-4)*25,0) -> 0 | BV10: =OFFSET(S!$B$7,(ROW()-4)*25,0) -> 0 | BW10: =OFFSET(S!$B$8,(ROW()-4)*25,0) -> 0 | BX10: =OFFSET(S!$B$9,(ROW()-4)*25,0) -> 0 | BY10: =OFFSET(S!$B$10,(ROW()-4)*25,0) -> 0 | BZ10: =OFFSET(T!$B$7,(ROW()-4)*25,0) -> 0 | CA10: =OFFSET(T!$B$8,(ROW()-4)*25,0) -> 0 | CB10: =OFFSET(T!$B$9,(ROW()-4)*25,0) -> 0 | CC10: =OFFSET(T!$B$10,(ROW()-4)*25,0) -> 0
A11: 8 | B11: =OFFSET(A!$B$7,(ROW()-4)*25,0) -> 149 | C11: =OFFSET(A!$B$8,(ROW()-4)*25,0) -> 1671 | D11: =OFFSET(A!$B$9,(ROW()-4)*25,0) -> 360 | E11: =OFFSET(A!$B$10,(ROW()-4)*25,0) -> 141 | F11: =OFFSET(B!$B$7,(ROW()-4)*25,0) -> 767 | G11: =OFFSET(B!$B$8,(ROW()-4)*25,0) -> 1306 | H11: =OFFSET(B!$B$9,(ROW()-4)*25,0) -> 776 | I11: =OFFSET(B!$B$10,(ROW()-4)*25,0) -> 367 | J11: =OFFSET('C'!$B$7,(ROW()-4)*25,0) -> 101 | K11: =OFFSET('C'!$B$8,(ROW()-4)*25,0) -> 2986 | L11: =OFFSET('C'!$B$9,(ROW()-4)*25,0) -> 294 | M11: =OFFSET('C'!$B$10,(ROW()-4)*25,0) -> 34 | N11: =OFFSET(D!$B$7,(ROW()-4)*25,0) -> 0 | O11: =OFFSET(D!$B$8,(ROW()-4)*25,0) -> 0 | P11: =OFFSET(D!$B$9,(ROW()-4)*25,0) -> 0 | Q11: =OFFSET(D!$B$10,(ROW()-4)*25,0) -> 0 | R11: =OFFSET(E!$B$7,(ROW()-4)*25,0) -> 23 | S11: =OFFSET(E!$B$8,(ROW()-4)*25,0) -> 546 | T11: =OFFSET(E!$B$9,(ROW()-4)*25,0) -> 507 | U11: =OFFSET(E!$B$10,(ROW()-4)*25,0) -> 220 | V11: =OFFSET(F!$B$7,(ROW()-4)*25,0) -> 1633 | W11: =OFFSET(F!$B$8,(ROW()-4)*25,0) -> 1026 | X11: =OFFSET(F!$B$9,(ROW()-4)*25,0) -> 366 | Y11: =OFFSET(F!$B$10,(ROW()-4)*25,0) -> 206 | Z11: =OFFSET(G!$B$7,(ROW()-4)*25,0) -> 475 | AA11: =OFFSET(G!$B$8,(ROW()-4)*25,0) -> 2895 | AB11: =OFFSET(G!$B$9,(ROW()-4)*25,0) -> 973 | AC11: =OFFSET(G!$B$10,(ROW()-4)*25,0) -> 432 | AD11: =OFFSET(H!$B$7,(ROW()-4)*25,0) -> 0 | AE11: =OFFSET(H!$B$8,(ROW()-4)*25,0) -> 0 | AF11: =OFFSET(H!$B$9,(ROW()-4)*25,0) -> 0 | AG11: =OFFSET(H!$B$10,(ROW()-4)*25,0) -> 0 | AH11: =OFFSET(I!$B$7,(ROW()-4)*25,0) -> 0 | AI11: =OFFSET(I!$B$8,(ROW()-4)*25,0) -> 0 | AJ11: =OFFSET(I!$B$9,(ROW()-4)*25,0) -> 0 | AK11: =OFFSET(I!$B$10,(ROW()-4)*25,0) -> 0 | AL11: =OFFSET(J!$B$7,(ROW()-4)*25,0) -> 0 | AM11: =OFFSET(J!$B$8,(ROW()-4)*25,0) -> 0 | AN11: =OFFSET(J!$B$9,(ROW()-4)*25,0) -> 0 | AO11: =OFFSET(J!$B$10,(ROW()-4)*25,0) -> 0 | AP11: =OFFSET(K!$B$7,(ROW()-4)*25,0) -> 0 | AQ11: =OFFSET(K!$B$8,(ROW()-4)*25,0) -> 0 | AR11: =OFFSET(K!$B$9,(ROW()-4)*25,0) -> 0 | AS11: =OFFSET(K!$B$10,(ROW()-4)*25,0) -> 0 | AT11: =OFFSET(L!$B$7,(ROW()-4)*25,0) -> 0 | AU11: =OFFSET(L!$B$8,(ROW()-4)*25,0) -> 0 | AV11: =OFFSET(L!$B$9,(ROW()-4)*25,0) -> 0 | AW11: =OFFSET(L!$B$10,(ROW()-4)*25,0) -> 0 | AX11: =OFFSET(M!$B$7,(ROW()-4)*25,0) -> 0 | AY11: =OFFSET(M!$B$8,(ROW()-4)*25,0) -> 0 | AZ11: =OFFSET(M!$B$9,(ROW()-4)*25,0) -> 0 | BA11: =OFFSET(M!$B$10,(ROW()-4)*25,0) -> 0 | BB11: =OFFSET(N!$B$7,(ROW()-4)*25,0) -> 0 | BC11: =OFFSET(N!$B$8,(ROW()-4)*25,0) -> 0 | BD11: =OFFSET(N!$B$9,(ROW()-4)*25,0) -> 0 | BE11: =OFFSET(N!$B$10,(ROW()-4)*25,0) -> 0 | BF11: =OFFSET(O!$B$7,(ROW()-4)*25,0) -> 0 | BG11: =OFFSET(O!$B$8,(ROW()-4)*25,0) -> 0 | BH11: =OFFSET(O!$B$9,(ROW()-4)*25,0) -> 0 | BI11: =OFFSET(O!$B$10,(ROW()-4)*25,0) -> 0 | BJ11: =OFFSET(P!$B$7,(ROW()-4)*25,0) -> 0 | BK11: =OFFSET(P!$B$8,(ROW()-4)*25,0) -> 0 | BL11: =OFFSET(P!$B$9,(ROW()-4)*25,0) -> 0 | BM11: =OFFSET(P!$B$10,(ROW()-4)*25,0) -> 0 | BN11: =OFFSET(Q!$B$7,(ROW()-4)*25,0) -> 0 | BO11: =OFFSET(Q!$B$8,(ROW()-4)*25,0) -> 0 | BP11: =OFFSET(Q!$B$9,(ROW()-4)*25,0) -> 0 | BQ11: =OFFSET(Q!$B$10,(ROW()-4)*25,0) -> 0 | BR11: =OFFSET('R'!$B$7,(ROW()-4)*25,0) -> 0 | BS11: =OFFSET('R'!$B$8,(ROW()-4)*25,0) -> 0 | BT11: =OFFSET('R'!$B$9,(ROW()-4)*25,0) -> 0 | BU11: =OFFSET('R'!$B$10,(ROW()-4)*25,0) -> 0 | BV11: =OFFSET(S!$B$7,(ROW()-4)*25,0) -> 0 | BW11: =OFFSET(S!$B$8,(ROW()-4)*25,0) -> 0 | BX11: =OFFSET(S!$B$9,(ROW()-4)*25,0) -> 0 | BY11: =OFFSET(S!$B$10,(ROW()-4)*25,0) -> 0 | BZ11: =OFFSET(T!$B$7,(ROW()-4)*25,0) -> 0 | CA11: =OFFSET(T!$B$8,(ROW()-4)*25,0) -> 0 | CB11: =OFFSET(T!$B$9,(ROW()-4)*25,0) -> 0 | CC11: =OFFSET(T!$B$10,(ROW()-4)*25,0) -> 0
A12: 9 | B12: =OFFSET(A!$B$7,(ROW()-4)*25,0) -> 42 | C12: =OFFSET(A!$B$8,(ROW()-4)*25,0) -> 436 | D12: =OFFSET(A!$B$9,(ROW()-4)*25,0) -> 224 | E12: =OFFSET(A!$B$10,(ROW()-4)*25,0) -> 125 | F12: =OFFSET(B!$B$7,(ROW()-4)*25,0) -> 366 | G12: =OFFSET(B!$B$8,(ROW()-4)*25,0) -> 1697 | H12: =OFFSET(B!$B$9,(ROW()-4)*25,0) -> 392 | I12: =OFFSET(B!$B$10,(ROW()-4)*25,0) -> 49 | J12: =OFFSET('C'!$B$7,(ROW()-4)*25,0) -> 211 | K12: =OFFSET('C'!$B$8,(ROW()-4)*25,0) -> 1948 | L12: =OFFSET('C'!$B$9,(ROW()-4)*25,0) -> 389 | M12: =OFFSET('C'!$B$10,(ROW()-4)*25,0) -> 118 | N12: =OFFSET(D!$B$7,(ROW()-4)*25,0) -> 0 | O12: =OFFSET(D!$B$8,(ROW()-4)*25,0) -> 0 | P12: =OFFSET(D!$B$9,(ROW()-4)*25,0) -> 0 | Q12: =OFFSET(D!$B$10,(ROW()-4)*25,0) -> 0 | R12: =OFFSET(E!$B$7,(ROW()-4)*25,0) -> 370 | S12: =OFFSET(E!$B$8,(ROW()-4)*25,0) -> 948 | T12: =OFFSET(E!$B$9,(ROW()-4)*25,0) -> 378 | U12: =OFFSET(E!$B$10,(ROW()-4)*25,0) -> 293 | V12: =OFFSET(F!$B$7,(ROW()-4)*25,0) -> 241 | W12: =OFFSET(F!$B$8,(ROW()-4)*25,0) -> 1454 | X12: =OFFSET(F!$B$9,(ROW()-4)*25,0) -> 99 | Y12: =OFFSET(F!$B$10,(ROW()-4)*25,0) -> 53 | Z12: =OFFSET(G!$B$7,(ROW()-4)*25,0) -> 473 | AA12: =OFFSET(G!$B$8,(ROW()-4)*25,0) -> 3477 | AB12: =OFFSET(G!$B$9,(ROW()-4)*25,0) -> 862 | AC12: =OFFSET(G!$B$10,(ROW()-4)*25,0) -> 586 | AD12: =OFFSET(H!$B$7,(ROW()-4)*25,0) -> 0 | AE12: =OFFSET(H!$B$8,(ROW()-4)*25,0) -> 0 | AF12: =OFFSET(H!$B$9,(ROW()-4)*25,0) -> 0 | AG12: =OFFSET(H!$B$10,(ROW()-4)*25,0) -> 0 | AH12: =OFFSET(I!$B$7,(ROW()-4)*25,0) -> 0 | AI12: =OFFSET(I!$B$8,(ROW()-4)*25,0) -> 0 | AJ12: =OFFSET(I!$B$9,(ROW()-4)*25,0) -> 0 | AK12: =OFFSET(I!$B$10,(ROW()-4)*25,0) -> 0 | AL12: =OFFSET(J!$B$7,(ROW()-4)*25,0) -> 0 | AM12: =OFFSET(J!$B$8,(ROW()-4)*25,0) -> 0 | AN12: =OFFSET(J!$B$9,(ROW()-4)*25,0) -> 0 | AO12: =OFFSET(J!$B$10,(ROW()-4)*25,0) -> 0 | AP12: =OFFSET(K!$B$7,(ROW()-4)*25,0) -> 0 | AQ12: =OFFSET(K!$B$8,(ROW()-4)*25,0) -> 0 | AR12: =OFFSET(K!$B$9,(ROW()-4)*25,0) -> 0 | AS12: =OFFSET(K!$B$10,(ROW()-4)*25,0) -> 0 | AT12: =OFFSET(L!$B$7,(ROW()-4)*25,0) -> 0 | AU12: =OFFSET(L!$B$8,(ROW()-4)*25,0) -> 0 | AV12: =OFFSET(L!$B$9,(ROW()-4)*25,0) -> 0 | AW12: =OFFSET(L!$B$10,(ROW()-4)*25,0) -> 0 | AX12: =OFFSET(M!$B$7,(ROW()-4)*25,0) -> 0 | AY12: =OFFSET(M!$B$8,(ROW()-4)*25,0) -> 0 | AZ12: =OFFSET(M!$B$9,(ROW()-4)*25,0) -> 0 | BA12: =OFFSET(M!$B$10,(ROW()-4)*25,0) -> 0 | BB12: =OFFSET(N!$B$7,(ROW()-4)*25,0) -> 0 | BC12: =OFFSET(N!$B$8,(ROW()-4)*25,0) -> 0 | BD12: =OFFSET(N!$B$9,(ROW()-4)*25,0) -> 0 | BE12: =OFFSET(N!$B$10,(ROW()-4)*25,0) -> 0 | BF12: =OFFSET(O!$B$7,(ROW()-4)*25,0) -> 0 | BG12: =OFFSET(O!$B$8,(ROW()-4)*25,0) -> 0 | BH12: =OFFSET(O!$B$9,(ROW()-4)*25,0) -> 0 | BI12: =OFFSET(O!$B$10,(ROW()-4)*25,0) -> 0 | BJ12: =OFFSET(P!$B$7,(ROW()-4)*25,0) -> 0 | BK12: =OFFSET(P!$B$8,(ROW()-4)*25,0) -> 0 | BL12: =OFFSET(P!$B$9,(ROW()-4)*25,0) -> 0 | BM12: =OFFSET(P!$B$10,(ROW()-4)*25,0) -> 0 | BN12: =OFFSET(Q!$B$7,(ROW()-4)*25,0) -> 0 | BO12: =OFFSET(Q!$B$8,(ROW()-4)*25,0) -> 0 | BP12: =OFFSET(Q!$B$9,(ROW()-4)*25,0) -> 0 | BQ12: =OFFSET(Q!$B$10,(ROW()-4)*25,0) -> 0 | BR12: =OFFSET('R'!$B$7,(ROW()-4)*25,0) -> 0 | BS12: =OFFSET('R'!$B$8,(ROW()-4)*25,0) -> 0 | BT12: =OFFSET('R'!$B$9,(ROW()-4)*25,0) -> 0 | BU12: =OFFSET('R'!$B$10,(ROW()-4)*25,0) -> 0 | BV12: =OFFSET(S!$B$7,(ROW()-4)*25,0) -> 0 | BW12: =OFFSET(S!$B$8,(ROW()-4)*25,0) -> 0 | BX12: =OFFSET(S!$B$9,(ROW()-4)*25,0) -> 0 | BY12: =OFFSET(S!$B$10,(ROW()-4)*25,0) -> 0 | BZ12: =OFFSET(T!$B$7,(ROW()-4)*25,0) -> 0 | CA12: =OFFSET(T!$B$8,(ROW()-4)*25,0) -> 0 | CB12: =OFFSET(T!$B$9,(ROW()-4)*25,0) -> 0 | CC12: =OFFSET(T!$B$10,(ROW()-4)*25,0) -> 0
A13: 10 | B13: =OFFSET(A!$B$7,(ROW()-4)*25,0) -> 98 | C13: =OFFSET(A!$B$8,(ROW()-4)*25,0) -> 1726 | D13: =OFFSET(A!$B$9,(ROW()-4)*25,0) -> 485 | E13: =OFFSET(A!$B$10,(ROW()-4)*25,0) -> 231 | F13: =OFFSET(B!$B$7,(ROW()-4)*25,0) -> 700 | G13: =OFFSET(B!$B$8,(ROW()-4)*25,0) -> 1942 | H13: =OFFSET(B!$B$9,(ROW()-4)*25,0) -> 423 | I13: =OFFSET(B!$B$10,(ROW()-4)*25,0) -> 125 | J13: =OFFSET('C'!$B$7,(ROW()-4)*25,0) -> 345 | K13: =OFFSET('C'!$B$8,(ROW()-4)*25,0) -> 2038 | L13: =OFFSET('C'!$B$9,(ROW()-4)*25,0) -> 318 | M13: =OFFSET('C'!$B$10,(ROW()-4)*25,0) -> 0 | N13: =OFFSET(D!$B$7,(ROW()-4)*25,0) -> 0 | O13: =OFFSET(D!$B$8,(ROW()-4)*25,0) -> 0 | P13: =OFFSET(D!$B$9,(ROW()-4)*25,0) -> 0 | Q13: =OFFSET(D!$B$10,(ROW()-4)*25,0) -> 0 | R13: =OFFSET(E!$B$7,(ROW()-4)*25,0) -> 343 | S13: =OFFSET(E!$B$8,(ROW()-4)*25,0) -> 1178 | T13: =OFFSET(E!$B$9,(ROW()-4)*25,0) -> 298 | U13: =OFFSET(E!$B$10,(ROW()-4)*25,0) -> 53 | V13: =OFFSET(F!$B$7,(ROW()-4)*25,0) -> 166 | W13: =OFFSET(F!$B$8,(ROW()-4)*25,0) -> 531 | X13: =OFFSET(F!$B$9,(ROW()-4)*25,0) -> 169 | Y13: =OFFSET(F!$B$10,(ROW()-4)*25,0) -> 8 | Z13: =OFFSET(G!$B$7,(ROW()-4)*25,0) -> 222 | AA13: =OFFSET(G!$B$8,(ROW()-4)*25,0) -> 2464 | AB13: =OFFSET(G!$B$9,(ROW()-4)*25,0) -> 766 | AC13: =OFFSET(G!$B$10,(ROW()-4)*25,0) -> 536 | AD13: =OFFSET(H!$B$7,(ROW()-4)*25,0) -> 0 | AE13: =OFFSET(H!$B$8,(ROW()-4)*25,0) -> 0 | AF13: =OFFSET(H!$B$9,(ROW()-4)*25,0) -> 0 | AG13: =OFFSET(H!$B$10,(ROW()-4)*25,0) -> 0 | AH13: =OFFSET(I!$B$7,(ROW()-4)*25,0) -> 0 | AI13: =OFFSET(I!$B$8,(ROW()-4)*25,0) -> 0 | AJ13: =OFFSET(I!$B$9,(ROW()-4)*25,0) -> 0 | AK13: =OFFSET(I!$B$10,(ROW()-4)*25,0) -> 0 | AL13: =OFFSET(J!$B$7,(ROW()-4)*25,0) -> 0 | AM13: =OFFSET(J!$B$8,(ROW()-4)*25,0) -> 0 | AN13: =OFFSET(J!$B$9,(ROW()-4)*25,0) -> 0 | AO13: =OFFSET(J!$B$10,(ROW()-4)*25,0) -> 0 | AP13: =OFFSET(K!$B$7,(ROW()-4)*25,0) -> 0 | AQ13: =OFFSET(K!$B$8,(ROW()-4)*25,0) -> 0 | AR13: =OFFSET(K!$B$9,(ROW()-4)*25,0) -> 0 | AS13: =OFFSET(K!$B$10,(ROW()-4)*25,0) -> 0 | AT13: =OFFSET(L!$B$7,(ROW()-4)*25,0) -> 0 | AU13: =OFFSET(L!$B$8,(ROW()-4)*25,0) -> 0 | AV13: =OFFSET(L!$B$9,(ROW()-4)*25,0) -> 0 | AW13: =OFFSET(L!$B$10,(ROW()-4)*25,0) -> 0 | AX13: =OFFSET(M!$B$7,(ROW()-4)*25,0) -> 0 | AY13: =OFFSET(M!$B$8,(ROW()-4)*25,0) -> 0 | AZ13: =OFFSET(M!$B$9,(ROW()-4)*25,0) -> 0 | BA13: =OFFSET(M!$B$10,(ROW()-4)*25,0) -> 0 | BB13: =OFFSET(N!$B$7,(ROW()-4)*25,0) -> 0 | BC13: =OFFSET(N!$B$8,(ROW()-4)*25,0) -> 0 | BD13: =OFFSET(N!$B$9,(ROW()-4)*25,0) -> 0 | BE13: =OFFSET(N!$B$10,(ROW()-4)*25,0) -> 0 | BF13: =OFFSET(O!$B$7,(ROW()-4)*25,0) -> 0 | BG13: =OFFSET(O!$B$8,(ROW()-4)*25,0) -> 0 | BH13: =OFFSET(O!$B$9,(ROW()-4)*25,0) -> 0 | BI13: =OFFSET(O!$B$10,(ROW()-4)*25,0) -> 0 | BJ13: =OFFSET(P!$B$7,(ROW()-4)*25,0) -> 0 | BK13: =OFFSET(P!$B$8,(ROW()-4)*25,0) -> 0 | BL13: =OFFSET(P!$B$9,(ROW()-4)*25,0) -> 0 | BM13: =OFFSET(P!$B$10,(ROW()-4)*25,0) -> 0 | BN13: =OFFSET(Q!$B$7,(ROW()-4)*25,0) -> 0 | BO13: =OFFSET(Q!$B$8,(ROW()-4)*25,0) -> 0 | BP13: =OFFSET(Q!$B$9,(ROW()-4)*25,0) -> 0 | BQ13: =OFFSET(Q!$B$10,(ROW()-4)*25,0) -> 0 | BR13: =OFFSET('R'!$B$7,(ROW()-4)*25,0) -> 0 | BS13: =OFFSET('R'!$B$8,(ROW()-4)*25,0) -> 0 | BT13: =OFFSET('R'!$B$9,(ROW()-4)*25,0) -> 0 | BU13: =OFFSET('R'!$B$10,(ROW()-4)*25,0) -> 0 | BV13: =OFFSET(S!$B$7,(ROW()-4)*25,0) -> 0 | BW13: =OFFSET(S!$B$8,(ROW()-4)*25,0) -> 0 | BX13: =OFFSET(S!$B$9,(ROW()-4)*25,0) -> 0 | BY13: =OFFSET(S!$B$10,(ROW()-4)*25,0) -> 0 | BZ13: =OFFSET(T!$B$7,(ROW()-4)*25,0) -> 0 | CA13: =OFFSET(T!$B$8,(ROW()-4)*25,0) -> 0 | CB13: =OFFSET(T!$B$9,(ROW()-4)*25,0) -> 0 | CC13: =OFFSET(T!$B$10,(ROW()-4)*25,0) -> 0
A14: 11 | B14: =OFFSET(A!$B$7,(ROW()-4)*25,0) -> 28 | C14: =OFFSET(A!$B$8,(ROW()-4)*25,0) -> 225 | D14: =OFFSET(A!$B$9,(ROW()-4)*25,0) -> 111 | E14: =OFFSET(A!$B$10,(ROW()-4)*25,0) -> 106 | F14: =OFFSET(B!$B$7,(ROW()-4)*25,0) -> 679 | G14: =OFFSET(B!$B$8,(ROW()-4)*25,0) -> 2219 | H14: =OFFSET(B!$B$9,(ROW()-4)*25,0) -> 423 | I14: =OFFSET(B!$B$10,(ROW()-4)*25,0) -> 261 | J14: =OFFSET('C'!$B$7,(ROW()-4)*25,0) -> 44 | K14: =OFFSET('C'!$B$8,(ROW()-4)*25,0) -> 2023 | L14: =OFFSET('C'!$B$9,(ROW()-4)*25,0) -> 212 | M14: =OFFSET('C'!$B$10,(ROW()-4)*25,0) -> 5 | N14: =OFFSET(D!$B$7,(ROW()-4)*25,0) -> 0 | O14: =OFFSET(D!$B$8,(ROW()-4)*25,0) -> 0 | P14: =OFFSET(D!$B$9,(ROW()-4)*25,0) -> 0 | Q14: =OFFSET(D!$B$10,(ROW()-4)*25,0) -> 0 | R14: =OFFSET(E!$B$7,(ROW()-4)*25,0) -> 202 | S14: =OFFSET(E!$B$8,(ROW()-4)*25,0) -> 765 | T14: =OFFSET(E!$B$9,(ROW()-4)*25,0) -> 148 | U14: =OFFSET(E!$B$10,(ROW()-4)*25,0) -> 48 | V14: =OFFSET(F!$B$7,(ROW()-4)*25,0) -> 468 | W14: =OFFSET(F!$B$8,(ROW()-4)*25,0) -> 883 | X14: =OFFSET(F!$B$9,(ROW()-4)*25,0) -> 238 | Y14: =OFFSET(F!$B$10,(ROW()-4)*25,0) -> 130 | Z14: =OFFSET(G!$B$7,(ROW()-4)*25,0) -> 516 | AA14: =OFFSET(G!$B$8,(ROW()-4)*25,0) -> 2846 | AB14: =OFFSET(G!$B$9,(ROW()-4)*25,0) -> 232 | AC14: =OFFSET(G!$B$10,(ROW()-4)*25,0) -> 116 | AD14: =OFFSET(H!$B$7,(ROW()-4)*25,0) -> 0 | AE14: =OFFSET(H!$B$8,(ROW()-4)*25,0) -> 0 | AF14: =OFFSET(H!$B$9,(ROW()-4)*25,0) -> 0 | AG14: =OFFSET(H!$B$10,(ROW()-4)*25,0) -> 0 | AH14: =OFFSET(I!$B$7,(ROW()-4)*25,0) -> 0 | AI14: =OFFSET(I!$B$8,(ROW()-4)*25,0) -> 0 | AJ14: =OFFSET(I!$B$9,(ROW()-4)*25,0) -> 0 | AK14: =OFFSET(I!$B$10,(ROW()-4)*25,0) -> 0 | AL14: =OFFSET(J!$B$7,(ROW()-4)*25,0) -> 0 | AM14: =OFFSET(J!$B$8,(ROW()-4)*25,0) -> 0 | AN14: =OFFSET(J!$B$9,(ROW()-4)*25,0) -> 0 | AO14: =OFFSET(J!$B$10,(ROW()-4)*25,0) -> 0 | AP14: =OFFSET(K!$B$7,(ROW()-4)*25,0) -> 0 | AQ14: =OFFSET(K!$B$8,(ROW()-4)*25,0) -> 0 | AR14: =OFFSET(K!$B$9,(ROW()-4)*25,0) -> 0 | AS14: =OFFSET(K!$B$10,(ROW()-4)*25,0) -> 0 | AT14: =OFFSET(L!$B$7,(ROW()-4)*25,0) -> 0 | AU14: =OFFSET(L!$B$8,(ROW()-4)*25,0) -> 0 | AV14: =OFFSET(L!$B$9,(ROW()-4)*25,0) -> 0 | AW14: =OFFSET(L!$B$10,(ROW()-4)*25,0) -> 0 | AX14: =OFFSET(M!$B$7,(ROW()-4)*25,0) -> 0 | AY14: =OFFSET(M!$B$8,(ROW()-4)*25,0) -> 0 | AZ14: =OFFSET(M!$B$9,(ROW()-4)*25,0) -> 0 | BA14: =OFFSET(M!$B$10,(ROW()-4)*25,0) -> 0 | BB14: =OFFSET(N!$B$7,(ROW()-4)*25,0) -> 0 | BC14: =OFFSET(N!$B$8,(ROW()-4)*25,0) -> 0 | BD14: =OFFSET(N!$B$9,(ROW()-4)*25,0) -> 0 | BE14: =OFFSET(N!$B$10,(ROW()-4)*25,0) -> 0 | BF14: =OFFSET(O!$B$7,(ROW()-4)*25,0) -> 0 | BG14: =OFFSET(O!$B$8,(ROW()-4)*25,0) -> 0 | BH14: =OFFSET(O!$B$9,(ROW()-4)*25,0) -> 0 | BI14: =OFFSET(O!$B$10,(ROW()-4)*25,0) -> 0 | BJ14: =OFFSET(P!$B$7,(ROW()-4)*25,0) -> 0 | BK14: =OFFSET(P!$B$8,(ROW()-4)*25,0) -> 0 | BL14: =OFFSET(P!$B$9,(ROW()-4)*25,0) -> 0 | BM14: =OFFSET(P!$B$10,(ROW()-4)*25,0) -> 0 | BN14: =OFFSET(Q!$B$7,(ROW()-4)*25,0) -> 0 | BO14: =OFFSET(Q!$B$8,(ROW()-4)*25,0) -> 0 | BP14: =OFFSET(Q!$B$9,(ROW()-4)*25,0) -> 0 | BQ14: =OFFSET(Q!$B$10,(ROW()-4)*25,0) -> 0 | BR14: =OFFSET('R'!$B$7,(ROW()-4)*25,0) -> 0 | BS14: =OFFSET('R'!$B$8,(ROW()-4)*25,0) -> 0 | BT14: =OFFSET('R'!$B$9,(ROW()-4)*25,0) -> 0 | BU14: =OFFSET('R'!$B$10,(ROW()-4)*25,0) -> 0 | BV14: =OFFSET(S!$B$7,(ROW()-4)*25,0) -> 0 | BW14: =OFFSET(S!$B$8,(ROW()-4)*25,0) -> 0 | BX14: =OFFSET(S!$B$9,(ROW()-4)*25,0) -> 0 | BY14: =OFFSET(S!$B$10,(ROW()-4)*25,0) -> 0 | BZ14: =OFFSET(T!$B$7,(ROW()-4)*25,0) -> 0 | CA14: =OFFSET(T!$B$8,(ROW()-4)*25,0) -> 0 | CB14: =OFFSET(T!$B$9,(ROW()-4)*25,0) -> 0 | CC14: =OFFSET(T!$B$10,(ROW()-4)*25,0) -> 0
A15: 12 | B15: =OFFSET(A!$B$7,(ROW()-4)*25,0) -> 46 | C15: =OFFSET(A!$B$8,(ROW()-4)*25,0) -> 1121 | D15: =OFFSET(A!$B$9,(ROW()-4)*25,0) -> 372 | E15: =OFFSET(A!$B$10,(ROW()-4)*25,0) -> 144 | F15: =OFFSET(B!$B$7,(ROW()-4)*25,0) -> 793 | G15: =OFFSET(B!$B$8,(ROW()-4)*25,0) -> 1504 | H15: =OFFSET(B!$B$9,(ROW()-4)*25,0) -> 477 | I15: =OFFSET(B!$B$10,(ROW()-4)*25,0) -> 163 | J15: =OFFSET('C'!$B$7,(ROW()-4)*25,0) -> 103 | K15: =OFFSET('C'!$B$8,(ROW()-4)*25,0) -> 2391 | L15: =OFFSET('C'!$B$9,(ROW()-4)*25,0) -> 297 | M15: =OFFSET('C'!$B$10,(ROW()-4)*25,0) -> 11 | N15: =OFFSET(D!$B$7,(ROW()-4)*25,0) -> 0 | O15: =OFFSET(D!$B$8,(ROW()-4)*25,0) -> 0 | P15: =OFFSET(D!$B$9,(ROW()-4)*25,0) -> 0 | Q15: =OFFSET(D!$B$10,(ROW()-4)*25,0) -> 0 | R15: =OFFSET(E!$B$7,(ROW()-4)*25,0) -> 119 | S15: =OFFSET(E!$B$8,(ROW()-4)*25,0) -> 553 | T15: =OFFSET(E!$B$9,(ROW()-4)*25,0) -> 194 | U15: =OFFSET(E!$B$10,(ROW()-4)*25,0) -> 77 | V15: =OFFSET(F!$B$7,(ROW()-4)*25,0) -> 641 | W15: =OFFSET(F!$B$8,(ROW()-4)*25,0) -> 1475 | X15: =OFFSET(F!$B$9,(ROW()-4)*25,0) -> 282 | Y15: =OFFSET(F!$B$10,(ROW()-4)*25,0) -> 534 | Z15: =OFFSET(G!$B$7,(ROW()-4)*25,0) -> 653 | AA15: =OFFSET(G!$B$8,(ROW()-4)*25,0) -> 2350 | AB15: =OFFSET(G!$B$9,(ROW()-4)*25,0) -> 828 | AC15: =OFFSET(G!$B$10,(ROW()-4)*25,0) -> 314 | AD15: =OFFSET(H!$B$7,(ROW()-4)*25,0) -> 0 | AE15: =OFFSET(H!$B$8,(ROW()-4)*25,0) -> 0 | AF15: =OFFSET(H!$B$9,(ROW()-4)*25,0) -> 0 | AG15: =OFFSET(H!$B$10,(ROW()-4)*25,0) -> 0 | AH15: =OFFSET(I!$B$7,(ROW()-4)*25,0) -> 0 | AI15: =OFFSET(I!$B$8,(ROW()-4)*25,0) -> 0 | AJ15: =OFFSET(I!$B$9,(ROW()-4)*25,0) -> 0 | AK15: =OFFSET(I!$B$10,(ROW()-4)*25,0) -> 0 | AL15: =OFFSET(J!$B$7,(ROW()-4)*25,0) -> 0 | AM15: =OFFSET(J!$B$8,(ROW()-4)*25,0) -> 0 | AN15: =OFFSET(J!$B$9,(ROW()-4)*25,0) -> 0 | AO15: =OFFSET(J!$B$10,(ROW()-4)*25,0) -> 0 | AP15: =OFFSET(K!$B$7,(ROW()-4)*25,0) -> 0 | AQ15: =OFFSET(K!$B$8,(ROW()-4)*25,0) -> 0 | AR15: =OFFSET(K!$B$9,(ROW()-4)*25,0) -> 0 | AS15: =OFFSET(K!$B$10,(ROW()-4)*25,0) -> 0 | AT15: =OFFSET(L!$B$7,(ROW()-4)*25,0) -> 0 | AU15: =OFFSET(L!$B$8,(ROW()-4)*25,0) -> 0 | AV15: =OFFSET(L!$B$9,(ROW()-4)*25,0) -> 0 | AW15: =OFFSET(L!$B$10,(ROW()-4)*25,0) -> 0 | AX15: =OFFSET(M!$B$7,(ROW()-4)*25,0) -> 0 | AY15: =OFFSET(M!$B$8,(ROW()-4)*25,0) -> 0 | AZ15: =OFFSET(M!$B$9,(ROW()-4)*25,0) -> 0 | BA15: =OFFSET(M!$B$10,(ROW()-4)*25,0) -> 0 | BB15: =OFFSET(N!$B$7,(ROW()-4)*25,0) -> 0 | BC15: =OFFSET(N!$B$8,(ROW()-4)*25,0) -> 0 | BD15: =OFFSET(N!$B$9,(ROW()-4)*25,0) -> 0 | BE15: =OFFSET(N!$B$10,(ROW()-4)*25,0) -> 0 | BF15: =OFFSET(O!$B$7,(ROW()-4)*25,0) -> 0 | BG15: =OFFSET(O!$B$8,(ROW()-4)*25,0) -> 0 | BH15: =OFFSET(O!$B$9,(ROW()-4)*25,0) -> 0 | BI15: =OFFSET(O!$B$10,(ROW()-4)*25,0) -> 0 | BJ15: =OFFSET(P!$B$7,(ROW()-4)*25,0) -> 0 | BK15: =OFFSET(P!$B$8,(ROW()-4)*25,0) -> 0 | BL15: =OFFSET(P!$B$9,(ROW()-4)*25,0) -> 0 | BM15: =OFFSET(P!$B$10,(ROW()-4)*25,0) -> 0 | BN15: =OFFSET(Q!$B$7,(ROW()-4)*25,0) -> 0 | BO15: =OFFSET(Q!$B$8,(ROW()-4)*25,0) -> 0 | BP15: =OFFSET(Q!$B$9,(ROW()-4)*25,0) -> 0 | BQ15: =OFFSET(Q!$B$10,(ROW()-4)*25,0) -> 0 | BR15: =OFFSET('R'!$B$7,(ROW()-4)*25,0) -> 0 | BS15: =OFFSET('R'!$B$8,(ROW()-4)*25,0) -> 0 | BT15: =OFFSET('R'!$B$9,(ROW()-4)*25,0) -> 0 | BU15: =OFFSET('R'!$B$10,(ROW()-4)*25,0) -> 0 | BV15: =OFFSET(S!$B$7,(ROW()-4)*25,0) -> 0 | BW15: =OFFSET(S!$B$8,(ROW()-4)*25,0) -> 0 | BX15: =OFFSET(S!$B$9,(ROW()-4)*25,0) -> 0 | BY15: =OFFSET(S!$B$10,(ROW()-4)*25,0) -> 0 | BZ15: =OFFSET(T!$B$7,(ROW()-4)*25,0) -> 0 | CA15: =OFFSET(T!$B$8,(ROW()-4)*25,0) -> 0 | CB15: =OFFSET(T!$B$9,(ROW()-4)*25,0) -> 0 | CC15: =OFFSET(T!$B$10,(ROW()-4)*25,0) -> 0
A16: 13 | B16: =OFFSET(A!$B$7,(ROW()-4)*25,0) -> 23 | C16: =OFFSET(A!$B$8,(ROW()-4)*25,0) -> 2895 | D16: =OFFSET(A!$B$9,(ROW()-4)*25,0) -> 588 | E16: =OFFSET(A!$B$10,(ROW()-4)*25,0) -> 153 | F16: =OFFSET(B!$B$7,(ROW()-4)*25,0) -> 7 | G16: =OFFSET(B!$B$8,(ROW()-4)*25,0) -> 3237 | H16: =OFFSET(B!$B$9,(ROW()-4)*25,0) -> 438 | I16: =OFFSET(B!$B$10,(ROW()-4)*25,0) -> 12 | J16: =OFFSET('C'!$B$7,(ROW()-4)*25,0) -> 0 | K16: =OFFSET('C'!$B$8,(ROW()-4)*25,0) -> 3630 | L16: =OFFSET('C'!$B$9,(ROW()-4)*25,0) -> 176 | M16: =OFFSET('C'!$B$10,(ROW()-4)*25,0) -> 8 | N16: =OFFSET(D!$B$7,(ROW()-4)*25,0) -> 0 | O16: =OFFSET(D!$B$8,(ROW()-4)*25,0) -> 0 | P16: =OFFSET(D!$B$9,(ROW()-4)*25,0) -> 0 | Q16: =OFFSET(D!$B$10,(ROW()-4)*25,0) -> 0 | R16: =OFFSET(E!$B$7,(ROW()-4)*25,0) -> 446 | S16: =OFFSET(E!$B$8,(ROW()-4)*25,0) -> 785 | T16: =OFFSET(E!$B$9,(ROW()-4)*25,0) -> 105 | U16: =OFFSET(E!$B$10,(ROW()-4)*25,0) -> 33 | V16: =OFFSET(F!$B$7,(ROW()-4)*25,0) -> 969 | W16: =OFFSET(F!$B$8,(ROW()-4)*25,0) -> 902 | X16: =OFFSET(F!$B$9,(ROW()-4)*25,0) -> 854 | Y16: =OFFSET(F!$B$10,(ROW()-4)*25,0) -> 774 | Z16: =OFFSET(G!$B$7,(ROW()-4)*25,0) -> 378 | AA16: =OFFSET(G!$B$8,(ROW()-4)*25,0) -> 2084 | AB16: =OFFSET(G!$B$9,(ROW()-4)*25,0) -> 451 | AC16: =OFFSET(G!$B$10,(ROW()-4)*25,0) -> 267 | AD16: =OFFSET(H!$B$7,(ROW()-4)*25,0) -> 0 | AE16: =OFFSET(H!$B$8,(ROW()-4)*25,0) -> 0 | AF16: =OFFSET(H!$B$9,(ROW()-4)*25,0) -> 0 | AG16: =OFFSET(H!$B$10,(ROW()-4)*25,0) -> 0 | AH16: =OFFSET(I!$B$7,(ROW()-4)*25,0) -> 0 | AI16: =OFFSET(I!$B$8,(ROW()-4)*25,0) -> 0 | AJ16: =OFFSET(I!$B$9,(ROW()-4)*25,0) -> 0 | AK16: =OFFSET(I!$B$10,(ROW()-4)*25,0) -> 0 | AL16: =OFFSET(J!$B$7,(ROW()-4)*25,0) -> 0 | AM16: =OFFSET(J!$B$8,(ROW()-4)*25,0) -> 0 | AN16: =OFFSET(J!$B$9,(ROW()-4)*25,0) -> 0 | AO16: =OFFSET(J!$B$10,(ROW()-4)*25,0) -> 0 | AP16: =OFFSET(K!$B$7,(ROW()-4)*25,0) -> 0 | AQ16: =OFFSET(K!$B$8,(ROW()-4)*25,0) -> 0 | AR16: =OFFSET(K!$B$9,(ROW()-4)*25,0) -> 0 | AS16: =OFFSET(K!$B$10,(ROW()-4)*25,0) -> 0 | AT16: =OFFSET(L!$B$7,(ROW()-4)*25,0) -> 0 | AU16: =OFFSET(L!$B$8,(ROW()-4)*25,0) -> 0 | AV16: =OFFSET(L!$B$9,(ROW()-4)*25,0) -> 0 | AW16: =OFFSET(L!$B$10,(ROW()-4)*25,0) -> 0 | AX16: =OFFSET(M!$B$7,(ROW()-4)*25,0) -> 0 | AY16: =OFFSET(M!$B$8,(ROW()-4)*25,0) -> 0 | AZ16: =OFFSET(M!$B$9,(ROW()-4)*25,0) -> 0 | BA16: =OFFSET(M!$B$10,(ROW()-4)*25,0) -> 0 | BB16: =OFFSET(N!$B$7,(ROW()-4)*25,0) -> 0 | BC16: =OFFSET(N!$B$8,(ROW()-4)*25,0) -> 0 | BD16: =OFFSET(N!$B$9,(ROW()-4)*25,0) -> 0 | BE16: =OFFSET(N!$B$10,(ROW()-4)*25,0) -> 0 | BF16: =OFFSET(O!$B$7,(ROW()-4)*25,0) -> 0 | BG16: =OFFSET(O!$B$8,(ROW()-4)*25,0) -> 0 | BH16: =OFFSET(O!$B$9,(ROW()-4)*25,0) -> 0 | BI16: =OFFSET(O!$B$10,(ROW()-4)*25,0) -> 0 | BJ16: =OFFSET(P!$B$7,(ROW()-4)*25,0) -> 0 | BK16: =OFFSET(P!$B$8,(ROW()-4)*25,0) -> 0 | BL16: =OFFSET(P!$B$9,(ROW()-4)*25,0) -> 0 | BM16: =OFFSET(P!$B$10,(ROW()-4)*25,0) -> 0 | BN16: =OFFSET(Q!$B$7,(ROW()-4)*25,0) -> 0 | BO16: =OFFSET(Q!$B$8,(ROW()-4)*25,0) -> 0 | BP16: =OFFSET(Q!$B$9,(ROW()-4)*25,0) -> 0 | BQ16: =OFFSET(Q!$B$10,(ROW()-4)*25,0) -> 0 | BR16: =OFFSET('R'!$B$7,(ROW()-4)*25,0) -> 0 | BS16: =OFFSET('R'!$B$8,(ROW()-4)*25,0) -> 0 | BT16: =OFFSET('R'!$B$9,(ROW()-4)*25,0) -> 0 | BU16: =OFFSET('R'!$B$10,(ROW()-4)*25,0) -> 0 | BV16: =OFFSET(S!$B$7,(ROW()-4)*25,0) -> 0 | BW16: =OFFSET(S!$B$8,(ROW()-4)*25,0) -> 0 | BX16: =OFFSET(S!$B$9,(ROW()-4)*25,0) -> 0 | BY16: =OFFSET(S!$B$10,(ROW()-4)*25,0) -> 0 | BZ16: =OFFSET(T!$B$7,(ROW()-4)*25,0) -> 0 | CA16: =OFFSET(T!$B$8,(ROW()-4)*25,0) -> 0 | CB16: =OFFSET(T!$B$9,(ROW()-4)*25,0) -> 0 | CC16: =OFFSET(T!$B$10,(ROW()-4)*25,0) -> 0
... A54: 51 | B54: =OFFSET(A!$B$7,(ROW()-4)*25,0) -> 0 | C54: =OFFSET(A!$B$8,(ROW()-4)*25,0) -> 0 | D54: =OFFSET(A!$B$9,(ROW()-4)*25,0) -> 0 | E54: =OFFSET(A!$B$10,(ROW()-4)*25,0) -> 0 | F54: =OFFSET(B!$B$7,(ROW()-4)*25,0) -> 0 | G54: =OFFSET(B!$B$8,(ROW()-4)*25,0) -> 0 | H54: =OFFSET(B!$B$9,(ROW()-4)*25,0) -> 0 | I54: =OFFSET(B!$B$10,(ROW()-4)*25,0) -> 0 | J54: =OFFSET('C'!$B$7,(ROW()-4)*25,0) -> 0 | K54: =OFFSET('C'!$B$8,(ROW()-4)*25,0) -> 0 | L54: =OFFSET('C'!$B$9,(ROW()-4)*25,0) -> 0 | M54: =OFFSET('C'!$B$10,(ROW()-4)*25,0) -> 0 | N54: =OFFSET(D!$B$7,(ROW()-4)*25,0) -> 0 | O54: =OFFSET(D!$B$8,(ROW()-4)*25,0) -> 0 | P54: =OFFSET(D!$B$9,(ROW()-4)*25,0) -> 0 | Q54: =OFFSET(D!$B$10,(ROW()-4)*25,0) -> 0 | R54: =OFFSET(E!$B$7,(ROW()-4)*25,0) -> 0 | S54: =OFFSET(E!$B$8,(ROW()-4)*25,0) -> 0 | T54: =OFFSET(E!$B$9,(ROW()-4)*25,0) -> 0 | U54: =OFFSET(E!$B$10,(ROW()-4)*25,0) -> 0 | V54: =OFFSET(F!$B$7,(ROW()-4)*25,0) -> 0 | W54: =OFFSET(F!$B$8,(ROW()-4)*25,0) -> 0 | X54: =OFFSET(F!$B$9,(ROW()-4)*25,0) -> 0 | Y54: =OFFSET(F!$B$10,(ROW()-4)*25,0) -> 0 | Z54: =OFFSET(G!$B$7,(ROW()-4)*25,0) -> 0 | AA54: =OFFSET(G!$B$8,(ROW()-4)*25,0) -> 0 | AB54: =OFFSET(G!$B$9,(ROW()-4)*25,0) -> 0 | AC54: =OFFSET(G!$B$10,(ROW()-4)*25,0) -> 0 | AD54: =OFFSET(H!$B$7,(ROW()-4)*25,0) -> 0 | AE54: =OFFSET(H!$B$8,(ROW()-4)*25,0) -> 0 | AF54: =OFFSET(H!$B$9,(ROW()-4)*25,0) -> 0 | AG54: =OFFSET(H!$B$10,(ROW()-4)*25,0) -> 0 | AH54: =OFFSET(I!$B$7,(ROW()-4)*25,0) -> 0 | AI54: =OFFSET(I!$B$8,(ROW()-4)*25,0) -> 0 | AJ54: =OFFSET(I!$B$9,(ROW()-4)*25,0) -> 0 | AK54: =OFFSET(I!$B$10,(ROW()-4)*25,0) -> 0 | AL54: =OFFSET(J!$B$7,(ROW()-4)*25,0) -> 0 | AM54: =OFFSET(J!$B$8,(ROW()-4)*25,0) -> 0 | AN54: =OFFSET(J!$B$9,(ROW()-4)*25,0) -> 0 | AO54: =OFFSET(J!$B$10,(ROW()-4)*25,0) -> 0 | AP54: =OFFSET(K!$B$7,(ROW()-4)*25,0) -> 0 | AQ54: =OFFSET(K!$B$8,(ROW()-4)*25,0) -> 0 | AR54: =OFFSET(K!$B$9,(ROW()-4)*25,0) -> 0 | AS54: =OFFSET(K!$B$10,(ROW()-4)*25,0) -> 0 | AT54: =OFFSET(L!$B$7,(ROW()-4)*25,0) -> 0 | AU54: =OFFSET(L!$B$8,(ROW()-4)*25,0) -> 0 | AV54: =OFFSET(L!$B$9,(ROW()-4)*25,0) -> 0 | AW54: =OFFSET(L!$B$10,(ROW()-4)*25,0) -> 0 | AX54: =OFFSET(M!$B$7,(ROW()-4)*25,0) -> 0 | AY54: =OFFSET(M!$B$8,(ROW()-4)*25,0) -> 0 | AZ54: =OFFSET(M!$B$9,(ROW()-4)*25,0) -> 0 | BA54: =OFFSET(M!$B$10,(ROW()-4)*25,0) -> 0 | BB54: =OFFSET(N!$B$7,(ROW()-4)*25,0) -> 0 | BC54: =OFFSET(N!$B$8,(ROW()-4)*25,0) -> 0 | BD54: =OFFSET(N!$B$9,(ROW()-4)*25,0) -> 0 | BE54: =OFFSET(N!$B$10,(ROW()-4)*25,0) -> 0 | BF54: =OFFSET(O!$B$7,(ROW()-4)*25,0) -> 0 | BG54: =OFFSET(O!$B$8,(ROW()-4)*25,0) -> 0 | BH54: =OFFSET(O!$B$9,(ROW()-4)*25,0) -> 0 | BI54: =OFFSET(O!$B$10,(ROW()-4)*25,0) -> 0 | BJ54: =OFFSET(P!$B$7,(ROW()-4)*25,0) -> 0 | BK54: =OFFSET(P!$B$8,(ROW()-4)*25,0) -> 0 | BL54: =OFFSET(P!$B$9,(ROW()-4)*25,0) -> 0 | BM54: =OFFSET(P!$B$10,(ROW()-4)*25,0) -> 0 | BN54: =OFFSET(Q!$B$7,(ROW()-4)*25,0) -> 0 | BO54: =OFFSET(Q!$B$8,(ROW()-4)*25,0) -> 0 | BP54: =OFFSET(Q!$B$9,(ROW()-4)*25,0) -> 0 | BQ54: =OFFSET(Q!$B$10,(ROW()-4)*25,0) -> 0 | BR54: =OFFSET('R'!$B$7,(ROW()-4)*25,0) -> 0 | BS54: =OFFSET('R'!$B$8,(ROW()-4)*25,0) -> 0 | BT54: =OFFSET('R'!$B$9,(ROW()-4)*25,0) -> 0 | BU54: =OFFSET('R'!$B$10,(ROW()-4)*25,0) -> 0 | BV54: =OFFSET(S!$B$7,(ROW()-4)*25,0) -> 0 | BW54: =OFFSET(S!$B$8,(ROW()-4)*25,0) -> 0 | BX54: =OFFSET(S!$B$9,(ROW()-4)*25,0) -> 0 | BY54: =OFFSET(S!$B$10,(ROW()-4)*25,0) -> 0 | BZ54: =OFFSET(T!$B$7,(ROW()-4)*25,0) -> 0 | CA54: =OFFSET(T!$B$8,(ROW()-4)*25,0) -> 0 | CB54: =OFFSET(T!$B$9,(ROW()-4)*25,0) -> 0 | CC54: =OFFSET(T!$B$10,(ROW()-4)*25,0) -> 0
A55: mean | B55: =AVERAGE(B4:B15) -> 42.75 | C55: =AVERAGE(C4:C15) -> 915.66667 | D55: =AVERAGE(D4:D15) -> 341.08333 | E55: =AVERAGE(E4:E15) -> 107.91667 | F55: =AVERAGE(F4:F15) -> 352.58333 | G55: =AVERAGE(G4:G15) -> 1821.8333 | H55: =AVERAGE(H4:H15) -> 647.25 | I55: =AVERAGE(I4:I15) -> 342 | ... M55: =AVERAGE(M4:M15) -> 104.25 | N55: =AVERAGE(N4:N9) -> 0 | O55: =AVERAGE(O4:O9) -> 0 | P55: =AVERAGE(P4:P9) -> 0 | Q55: =AVERAGE(Q4:Q9) -> 0 | R55: =AVERAGE(R4:R15) -> 115 | S55: =AVERAGE(S4:S15) -> 641.41667 | T55: =AVERAGE(T4:T15) -> 345.16667 | U55: =AVERAGE(U4:U15) -> 134.5 | V55: =AVERAGE(V4:V15) -> 422.5 | W55: =AVERAGE(W4:W15) -> 1353.6667 | X55: =AVERAGE(X4:X15) -> 622 | Y55: =AVERAGE(Y4:Y15) -> 264.33333 | ... AC55: =AVERAGE(AC4:AC15) -> 383.58333 | AD55: =AVERAGE(AD4:AD24) -> 0 | AE55: =AVERAGE(AE4:AE24) -> 0 | AF55: =AVERAGE(AF4:AF24) -> 0 | AG55: =AVERAGE(AG4:AG24) -> 0 | AH55: =AVERAGE(AH4:AH24) -> 0 | AI55: =AVERAGE(AI4:AI24) -> 0 | AJ55: =AVERAGE(AJ4:AJ24) -> 0 | AK55: =AVERAGE(AK4:AK24) -> 0 | AL55: =AVERAGE(AL4:AL9) -> 0 | AM55: =AVERAGE(AM4:AM9) -> 0 | AN55: =AVERAGE(AN4:AN9) -> 0 | AO55: =AVERAGE(AO4:AO9) -> 0 | AP55: =AVERAGE(AP4:AP24) -> 0 | AQ55: =AVERAGE(AQ4:AQ24) -> 0 | AR55: =AVERAGE(AR4:AR24) -> 0 | AS55: =AVERAGE(AS4:AS24) -> 0 | AT55: =AVERAGE(AT4:AT24) -> 0 | AU55: =AVERAGE(AU4:AU24) -> 0 | AV55: =AVERAGE(AV4:AV24) -> 0 | AW55: =AVERAGE(AW4:AW24) -> 0 | ... CC55: =AVERAGE(CC4:CC24) -> 0
A56: sd | B56: =_xlfn.STDEV.P(B4:B15) -> 41.701569 | C56: =_xlfn.STDEV.P(C4:C15) -> 534.4189 | D56: =_xlfn.STDEV.P(D4:D15) -> 199.96102 | E56: =_xlfn.STDEV.P(E4:E15) -> 55.50294 | F56: =_xlfn.STDEV.P(F4:F15) -> 283.42708 | G56: =_xlfn.STDEV.P(G4:G15) -> 576.16633 | H56: =_xlfn.STDEV.P(H4:H15) -> 196.30466 | I56: =_xlfn.STDEV.P(I4:I15) -> 203.11163 | ... M56: =_xlfn.STDEV.P(M4:M15) -> 97.831594 | N56: =_xlfn.STDEV.P(N4:N9) -> 0 | O56: =_xlfn.STDEV.P(O4:O9) -> 0 | P56: =_xlfn.STDEV.P(P4:P9) -> 0 | Q56: =_xlfn.STDEV.P(Q4:Q9) -> 0 | R56: =_xlfn.STDEV.P(R4:R15) -> 128.32121 | S56: =_xlfn.STDEV.P(S4:S15) -> 322.27433 | T56: =_xlfn.STDEV.P(T4:T15) -> 235.21438 | U56: =_xlfn.STDEV.P(U4:U15) -> 159.04847 | V56: =_xlfn.STDEV.P(V4:V15) -> 427.79483 | W56: =_xlfn.STDEV.P(W4:W15) -> 452.22014 | X56: =_xlfn.STDEV.P(X4:X15) -> 518.59956 | Y56: =_xlfn.STDEV.P(Y4:Y15) -> 165.71931 | ... AC56: =_xlfn.STDEV.P(AC4:AC15) -> 194.10627 | AD56: =_xlfn.STDEV.P(AD4:AD24) -> 0 | AE56: =_xlfn.STDEV.P(AE4:AE24) -> 0 | AF56: =_xlfn.STDEV.P(AF4:AF24) -> 0 | AG56: =_xlfn.STDEV.P(AG4:AG24) -> 0 | AH56: =_xlfn.STDEV.P(AH4:AH24) -> 0 | AI56: =_xlfn.STDEV.P(AI4:AI24) -> 0 | AJ56: =_xlfn.STDEV.P(AJ4:AJ24) -> 0 | AK56: =_xlfn.STDEV.P(AK4:AK24) -> 0 | AL56: =_xlfn.STDEV.P(AL4:AL9) -> 0 | AM56: =_xlfn.STDEV.P(AM4:AM9) -> 0 | AN56: =_xlfn.STDEV.P(AN4:AN9) -> 0 | AO56: =_xlfn.STDEV.P(AO4:AO9) -> 0 | AP56: =_xlfn.STDEV.P(AP4:AP24) -> 0 | AQ56: =_xlfn.STDEV.P(AQ4:AQ24) -> 0 | AR56: =_xlfn.STDEV.P(AR4:AR24) -> 0 | AS56: =_xlfn.STDEV.P(AS4:AS24) -> 0 | AT56: =_xlfn.STDEV.P(AT4:AT24) -> 0 | AU56: =_xlfn.STDEV.P(AU4:AU24) -> 0 | AV56: =_xlfn.STDEV.P(AV4:AV24) -> 0 | AW56: =_xlfn.STDEV.P(AW4:AW24) -> 0 | ... CC56: =_xlfn.STDEV.P(CC4:CC24) -> 0
A58: off func > | C58: OFFSET(A!$B$11,(ROW()-3)*25,0)
N59: below only to be used if grouping susc vs resist
E60: values pasted from above summary to generate chart | M60: susc vs reg | O60: auto calculated from values to the left
G61: R0 | H61: R1 | I61: R2 | J61: R3 | N61: R0 | O61: R1 | P61: R2 | Q61: R3
E62: A | F62: ='file combos'!D13 -> FAUT | G62: =B55 -> 42.75 | H62: =C55 -> 915.66667 | I62: =D55 -> 341.08333 | J62: =E55 -> 107.91667 | M62: S-UT | N62: =G62+G67 -> 465.25 | O62: =H62+H67 -> 2269.3333 | P62: =I62+I67 -> 963.08333 | Q62: =J62+J67 -> 372.25
E63: B | F63: ='file combos'!E13 -> FAP3 | G63: =F55 -> 352.58333 | H63: =G55 -> 1821.8333 | I63: =H55 -> 647.25 | J63: =I55 -> 342 | M63: R-UT | N63: =G72+G77 -> 0 | O63: =H72+H77 -> 0 | P63: =I72+I77 -> 0 | Q63: =J72+J77 -> 0
E64: C | F64: ='file combos'!F13 -> FAOSP | G64: =J55 -> 87.5 | H64: =K55 -> 2010.8333 | I64: =L55 -> 400.41667 | J64: =M55 -> 104.25 | M64: S-P3 | N64: =G63+G68 -> 738.75 | O64: =H63+H68 -> 4400.8333 | P64: =I63+I68 -> 1539.4167 | Q64: =J63+J68 -> 725.58333
E65: D | F65: ='file combos'!G13 -> 0 | G65: =N55 -> 0 | H65: =O55 -> 0 | I65: =P55 -> 0 | J65: =Q55 -> 0 | M65: R-P3 | N65: =G73+G78 -> 0 | O65: =H73+H78 -> 0 | P65: =I73+I78 -> 0 | Q65: =J73+J78 -> 0
E66: E | F66: ='file combos'!H13 -> FUUT | G66: =R55 -> 115 | H66: =S55 -> 641.41667 | I66: =T55 -> 345.16667 | J66: =U55 -> 134.5 | M66: S-IG2 | N66: =G64+G69 -> 87.5 | O66: =H64+H69 -> 2010.8333 | P66: =I64+I69 -> 400.41667 | Q66: =J64+J69 -> 104.25
E67: F | F67: ='file combos'!I13 -> FUP3 | G67: =V55 -> 422.5 | H67: =W55 -> 1353.6667 | I67: =X55 -> 622 | J67: =Y55 -> 264.33333 | M67: R-IG2 | N67: =G74+G79 -> 0 | O67: =H74+H79 -> 0 | P67: =I74+I79 -> 0 | Q67: =J74+J79 -> 0
E68: G | F68: ='file combos'!J13 -> FUOSP | G68: =Z55 -> 386.16667 | H68: =AA55 -> 2579 | I68: =AB55 -> 892.16667 | J68: =AC55 -> 383.58333 | M68: S-P2 | N68: =G65+G70 -> 0 | O68: =H65+H70 -> 0 | P68: =I65+I70 -> 0 | Q68: =J65+J70 -> 0
E69: H | F69: ='file combos'!K13 -> 0 | G69: =AD55 -> 0 | H69: =AE55 -> 0 | I69: =AF55 -> 0 | J69: =AG55 -> 0 | M69: R-P2 | N69: =G75+G80 -> 0 | O69: =H75+H80 -> 0 | P69: =I75+I80 -> 0 | Q69: =J75+J80 -> 0
E70: I | F70: ='file combos'!L13 -> 0 | G70: =AH55 -> 0 | H70: =AI55 -> 0 | I70: =AJ55 -> 0 | J70: =AK55 -> 0 | M70: S-OS | N70: =G66+G71 -> 115 | O70: =H66+H71 -> 641.41667 | P70: =I66+I71 -> 345.16667 | Q70: =J66+J71 -> 134.5
E71: J | F71: ='file combos'!M13 -> 0 | G71: =AL55 -> 0 | H71: =AM55 -> 0 | I71: =AN55 -> 0 | J71: =AO55 -> 0 | M71: R-OS | N71: =G76+G81 -> 0 | O71: =H76+H81 -> 0 | P71: =I76+I81 -> 0 | Q71: =J76+J81 -> 0
E72: K | F72: ='file combos'!N13 -> 0 | G72: =AP55 -> 0 | H72: =AQ55 -> 0 | I72: =AR55 -> 0 | J72: =AS55 -> 0
E73: L | F73: ='file combos'!O13 -> 0 | G73: =AT55 -> 0 | H73: =AU55 -> 0 | I73: =AV55 -> 0 | J73: =AW55 -> 0
E74: M | F74: BFIG2 | G74: =AX55 -> 0 | H74: =AY55 -> 0 | I74: =AZ55 -> 0 | J74: =BA55 -> 0
E75: N | F75: BFP2 | G75: =BB55 -> 0 | H75: =BC55 -> 0 | I75: =BD55 -> 0 | J75: =BE55 -> 0 | M75: s vs reg just two halves | P75: auto calculated from susc vs reg above
E76: O | F76: BFOS | G76: =BF55 -> 0 | H76: =BG55 -> 0 | I76: =BH55 -> 0 | J76: =BI55 -> 0 | N76: top | O76: bottom
E77: P | F77: VK7UT | G77: =BJ55 -> 0 | H77: =BK55 -> 0 | I77: =BL55 -> 0 | J77: =BM55 -> 0 | M77: S-UT | N77: =N62+O62 -> 2734.5833 | O77: =P62+Q62 -> 1335.3333
E78: Q | F78: VK7P3 | G78: =BN55 -> 0 | H78: =BO55 -> 0 | I78: =BP55 -> 0 | J78: =BQ55 -> 0 | M78: R-UT | N78: =N63+O63 -> 0 | O78: =P63+Q63 -> 0
E79: R | F79: VK7IG2 | G79: =BR55 -> 0 | H79: =BS55 -> 0 | I79: =BT55 -> 0 | J79: =BU55 -> 0 | M79: S-P3 | N79: =N64+O64 -> 5139.5833 | O79: =P64+Q64 -> 2265
E80: S | F80: VK7P2 | G80: =BV55 -> 0 | H80: =BW55 -> 0 | I80: =BX55 -> 0 | J80: =BY55 -> 0 | M80: R-P3 | N80: =N65+O65 -> 0 | O80: =P65+Q65 -> 0
E81: T | F81: VK7OS | G81: =BZ55 -> 0 | H81: =CA55 -> 0 | I81: =CB55 -> 0 | J81: =CC55 -> 0 | M81: S-IG2 | N81: =N66+O66 -> 2098.3333 | O81: =P66+Q66 -> 504.66667
M82: R-IG2 | N82: =N67+O67 -> 0 | O82: =P67+Q67 -> 0
M83: S-P2 | N83: =N68+O68 -> 0 | O83: =P68+Q68 -> 0
M84: R-P2 | N84: =N69+O69 -> 0 | O84: =P69+Q69 -> 0
M85: S-OS | N85: =N70+O70 -> 756.41667 | O85: =P70+Q70 -> 479.66667
I86: R0 | J86: Top of cone | M86: R-OS | N86: =N71+O71 -> 0 | O86: =P71+Q71 -> 0
I87: R1
I88: R2 | S88: for when cone is divided into two regions only
I89: R3 | J89: Bottom of cone (net)
U90: R0+R1 | V90: Top half of cone
F92: This key is to indicate that blue is the top of the cone etc…. | U92: R2+R3
V93: Bottom half of cone
E96: the data below is not from the datasets in this workbook
E97: it is included to show how to plot differences in proportional regional activity under host-not-present vs host-present conditions
E98: it generates the C-diff-reg prop chart
E99: diff in prop chart
F100: R0 | G100: R1 | H100: R2 | I100: R3

Sheet summ evo
A1: A | C1: This is quite a long sheet which aggregates all reps of each combination, the data to generate the charts is at the very bottom of the sheet
A3: R1 | B3: =A!B$6 -> 23 | C3: =A!C$6 -> 53 | D3: =A!D$6 -> 48 | E3: =A!E$6 -> 6 | F3: =A!F$6 -> 12 | G3: =A!G$6 -> 52 | H3: =A!H$6 -> 48 | I3: =A!I$6 -> 88 | ... AJ3: =A!AJ$6 -> 77
A4: R2 | B4: =OFFSET(A!B$6,(ROW()-3)*25,0) -> 78 | C4: =OFFSET(A!C$6,(ROW()-3)*25,0) -> 68 | D4: =OFFSET(A!D$6,(ROW()-3)*25,0) -> 33 | E4: =OFFSET(A!E$6,(ROW()-3)*25,0) -> 12 | F4: =OFFSET(A!F$6,(ROW()-3)*25,0) -> 47 | G4: =OFFSET(A!G$6,(ROW()-3)*25,0) -> 40 | H4: =OFFSET(A!H$6,(ROW()-3)*25,0) -> 112 | I4: =OFFSET(A!I$6,(ROW()-3)*25,0) -> 122 | ... AJ4: =OFFSET(A!AJ$6,(ROW()-3)*25,0) -> 7
A5: R3 | B5: =OFFSET(A!B$6,(ROW()-3)*25,0) -> 0 | C5: =OFFSET(A!C$6,(ROW()-3)*25,0) -> 1 | D5: =OFFSET(A!D$6,(ROW()-3)*25,0) -> 19 | E5: =OFFSET(A!E$6,(ROW()-3)*25,0) -> 0 | F5: =OFFSET(A!F$6,(ROW()-3)*25,0) -> 0 | G5: =OFFSET(A!G$6,(ROW()-3)*25,0) -> 0 | H5: =OFFSET(A!H$6,(ROW()-3)*25,0) -> 0 | I5: =OFFSET(A!I$6,(ROW()-3)*25,0) -> 43 | ... AJ5: =OFFSET(A!AJ$6,(ROW()-3)*25,0) -> 0
A6: R4 | B6: =OFFSET(A!B$6,(ROW()-3)*25,0) -> 29 | C6: =OFFSET(A!C$6,(ROW()-3)*25,0) -> 0 | D6: =OFFSET(A!D$6,(ROW()-3)*25,0) -> 0 | E6: =OFFSET(A!E$6,(ROW()-3)*25,0) -> 0 | F6: =OFFSET(A!F$6,(ROW()-3)*25,0) -> 0 | G6: =OFFSET(A!G$6,(ROW()-3)*25,0) -> 0 | H6: =OFFSET(A!H$6,(ROW()-3)*25,0) -> 0 | I6: =OFFSET(A!I$6,(ROW()-3)*25,0) -> 61 | ... AJ6: =OFFSET(A!AJ$6,(ROW()-3)*25,0) -> 0
A7: R5 | B7: =OFFSET(A!B$6,(ROW()-3)*25,0) -> 0 | C7: =OFFSET(A!C$6,(ROW()-3)*25,0) -> 1 | D7: =OFFSET(A!D$6,(ROW()-3)*25,0) -> 35 | E7: =OFFSET(A!E$6,(ROW()-3)*25,0) -> 10 | F7: =OFFSET(A!F$6,(ROW()-3)*25,0) -> 44 | G7: =OFFSET(A!G$6,(ROW()-3)*25,0) -> 27 | H7: =OFFSET(A!H$6,(ROW()-3)*25,0) -> 0 | I7: =OFFSET(A!I$6,(ROW()-3)*25,0) -> 0 | ... AJ7: =OFFSET(A!AJ$6,(ROW()-3)*25,0) -> 70
A8: R6 | B8: =OFFSET(A!B$6,(ROW()-3)*25,0) -> 45 | C8: =OFFSET(A!C$6,(ROW()-3)*25,0) -> 47 | D8: =OFFSET(A!D$6,(ROW()-3)*25,0) -> 16 | E8: =OFFSET(A!E$6,(ROW()-3)*25,0) -> 0 | F8: =OFFSET(A!F$6,(ROW()-3)*25,0) -> 0 | G8: =OFFSET(A!G$6,(ROW()-3)*25,0) -> 0 | H8: =OFFSET(A!H$6,(ROW()-3)*25,0) -> 0 | I8: =OFFSET(A!I$6,(ROW()-3)*25,0) -> 0 | ... AJ8: =OFFSET(A!AJ$6,(ROW()-3)*25,0) -> 0
A9: R7 | B9: =OFFSET(A!B$6,(ROW()-3)*25,0) -> 0 | C9: =OFFSET(A!C$6,(ROW()-3)*25,0) -> 115 | D9: =OFFSET(A!D$6,(ROW()-3)*25,0) -> 51 | E9: =OFFSET(A!E$6,(ROW()-3)*25,0) -> 41 | F9: =OFFSET(A!F$6,(ROW()-3)*25,0) -> 51 | G9: =OFFSET(A!G$6,(ROW()-3)*25,0) -> 90 | H9: =OFFSET(A!H$6,(ROW()-3)*25,0) -> 97 | I9: =OFFSET(A!I$6,(ROW()-3)*25,0) -> 53 | ... AJ9: =OFFSET(A!AJ$6,(ROW()-3)*25,0) -> 68
A10: R8 | B10: =OFFSET(A!B$6,(ROW()-3)*25,0) -> 54 | C10: =OFFSET(A!C$6,(ROW()-3)*25,0) -> 0 | D10: =OFFSET(A!D$6,(ROW()-3)*25,0) -> 119 | E10: =OFFSET(A!E$6,(ROW()-3)*25,0) -> 97 | F10: =OFFSET(A!F$6,(ROW()-3)*25,0) -> 70 | G10: =OFFSET(A!G$6,(ROW()-3)*25,0) -> 111 | H10: =OFFSET(A!H$6,(ROW()-3)*25,0) -> 99 | I10: =OFFSET(A!I$6,(ROW()-3)*25,0) -> 43 | ... AJ10: =OFFSET(A!AJ$6,(ROW()-3)*25,0) -> 46
A11: R9 | B11: =OFFSET(A!B$6,(ROW()-3)*25,0) -> 26 | C11: =OFFSET(A!C$6,(ROW()-3)*25,0) -> 45 | D11: =OFFSET(A!D$6,(ROW()-3)*25,0) -> 0 | E11: =OFFSET(A!E$6,(ROW()-3)*25,0) -> 26 | F11: =OFFSET(A!F$6,(ROW()-3)*25,0) -> 51 | G11: =OFFSET(A!G$6,(ROW()-3)*25,0) -> 0 | H11: =OFFSET(A!H$6,(ROW()-3)*25,0) -> 0 | I11: =OFFSET(A!I$6,(ROW()-3)*25,0) -> 26 | ... AJ11: =OFFSET(A!AJ$6,(ROW()-3)*25,0) -> 0
A12: R10 | B12: =OFFSET(A!B$6,(ROW()-3)*25,0) -> 30 | C12: =OFFSET(A!C$6,(ROW()-3)*25,0) -> 26 | D12: =OFFSET(A!D$6,(ROW()-3)*25,0) -> 25 | E12: =OFFSET(A!E$6,(ROW()-3)*25,0) -> 21 | F12: =OFFSET(A!F$6,(ROW()-3)*25,0) -> 134 | G12: =OFFSET(A!G$6,(ROW()-3)*25,0) -> 133 | H12: =OFFSET(A!H$6,(ROW()-3)*25,0) -> 89 | I12: =OFFSET(A!I$6,(ROW()-3)*25,0) -> 112 | ... AJ12: =OFFSET(A!AJ$6,(ROW()-3)*25,0) -> 90
A13: R11 | B13: =OFFSET(A!B$6,(ROW()-3)*25,0) -> 59 | C13: =OFFSET(A!C$6,(ROW()-3)*25,0) -> 0 | D13: =OFFSET(A!D$6,(ROW()-3)*25,0) -> 0 | E13: =OFFSET(A!E$6,(ROW()-3)*25,0) -> 0 | F13: =OFFSET(A!F$6,(ROW()-3)*25,0) -> 0 | G13: =OFFSET(A!G$6,(ROW()-3)*25,0) -> 0 | H13: =OFFSET(A!H$6,(ROW()-3)*25,0) -> 0 | I13: =OFFSET(A!I$6,(ROW()-3)*25,0) -> 0 | ... AJ13: =OFFSET(A!AJ$6,(ROW()-3)*25,0) -> 0
A14: R12 | B14: =OFFSET(A!B$6,(ROW()-3)*25,0) -> 75 | C14: =OFFSET(A!C$6,(ROW()-3)*25,0) -> 117 | D14: =OFFSET(A!D$6,(ROW()-3)*25,0) -> 40 | E14: =OFFSET(A!E$6,(ROW()-3)*25,0) -> 61 | F14: =OFFSET(A!F$6,(ROW()-3)*25,0) -> 52 | G14: =OFFSET(A!G$6,(ROW()-3)*25,0) -> 24 | H14: =OFFSET(A!H$6,(ROW()-3)*25,0) -> 75 | I14: =OFFSET(A!I$6,(ROW()-3)*25,0) -> 29 | ... AJ14: =OFFSET(A!AJ$6,(ROW()-3)*25,0) -> 0
A15: R13 | B15: =OFFSET(A!B$6,(ROW()-3)*25,0) -> 40 | C15: =OFFSET(A!C$6,(ROW()-3)*25,0) -> 114 | D15: =OFFSET(A!D$6,(ROW()-3)*25,0) -> 63 | E15: =OFFSET(A!E$6,(ROW()-3)*25,0) -> 74 | F15: =OFFSET(A!F$6,(ROW()-3)*25,0) -> 67 | G15: =OFFSET(A!G$6,(ROW()-3)*25,0) -> 111 | H15: =OFFSET(A!H$6,(ROW()-3)*25,0) -> 62 | I15: =OFFSET(A!I$6,(ROW()-3)*25,0) -> 100 | ... AJ15: =OFFSET(A!AJ$6,(ROW()-3)*25,0) -> 152
... A53: R51 | B53: =OFFSET(A!B$6,(ROW()-3)*25,0) -> 0 | C53: =OFFSET(A!C$6,(ROW()-3)*25,0) -> 0 | D53: =OFFSET(A!D$6,(ROW()-3)*25,0) -> 0 | E53: =OFFSET(A!E$6,(ROW()-3)*25,0) -> 0 | F53: =OFFSET(A!F$6,(ROW()-3)*25,0) -> 0 | G53: =OFFSET(A!G$6,(ROW()-3)*25,0) -> 0 | H53: =OFFSET(A!H$6,(ROW()-3)*25,0) -> 0 | I53: =OFFSET(A!I$6,(ROW()-3)*25,0) -> 0 | ... AJ53: =OFFSET(A!AJ$6,(ROW()-3)*25,0) -> 0
A54: mean | B54: =AVERAGE(B3:B53) -> 16.803922 | C54: =AVERAGE(C3:C53) -> 22.862745 | D54: =AVERAGE(D3:D53) -> 21.156863 | E54: =AVERAGE(E3:E53) -> 17.019608 | F54: =AVERAGE(F3:F53) -> 21.529412 | G54: =AVERAGE(G3:G53) -> 25.705882 | H54: =AVERAGE(H3:H53) -> 24.960784 | I54: =AVERAGE(I3:I53) -> 22.666667 | ... AJ54: =AVERAGE(AJ3:AJ53) -> 17.078431
A58: B
A60: R1 | B60: =B!B$6 -> 23 | C60: =B!C$6 -> 88 | D60: =B!D$6 -> 108 | E60: =B!E$6 -> 97 | F60: =B!F$6 -> 143 | G60: =B!G$6 -> 88 | H60: =B!H$6 -> 145 | I60: =B!I$6 -> 109 | ... AJ60: =B!AJ$6 -> 100
A61: R2 | B61: =OFFSET(B!B$6,(ROW()-30)*25,0) -> 0 | C61: =OFFSET(B!C$6,(ROW()-30)*25,0) -> 0 | D61: =OFFSET(B!D$6,(ROW()-30)*25,0) -> 0 | E61: =OFFSET(B!E$6,(ROW()-30)*25,0) -> 0 | F61: =OFFSET(B!F$6,(ROW()-30)*25,0) -> 0 | G61: =OFFSET(B!G$6,(ROW()-30)*25,0) -> 0 | H61: =OFFSET(B!H$6,(ROW()-30)*25,0) -> 0 | I61: =OFFSET(B!I$6,(ROW()-30)*25,0) -> 0 | ... AJ61: =OFFSET(B!AJ$6,(ROW()-30)*25,0) -> 0
A62: R3 | B62: =OFFSET(B!B$6,(ROW()-30)*25,0) -> 0 | C62: =OFFSET(B!C$6,(ROW()-30)*25,0) -> 0 | D62: =OFFSET(B!D$6,(ROW()-30)*25,0) -> 0 | E62: =OFFSET(B!E$6,(ROW()-30)*25,0) -> 0 | F62: =OFFSET(B!F$6,(ROW()-30)*25,0) -> 0 | G62: =OFFSET(B!G$6,(ROW()-30)*25,0) -> 0 | H62: =OFFSET(B!H$6,(ROW()-30)*25,0) -> 0 | I62: =OFFSET(B!I$6,(ROW()-30)*25,0) -> 0 | ... AJ62: =OFFSET(B!AJ$6,(ROW()-30)*25,0) -> 0
A63: R4 | B63: =OFFSET(B!B$6,(ROW()-30)*25,0) -> 0 | C63: =OFFSET(B!C$6,(ROW()-30)*25,0) -> 0 | D63: =OFFSET(B!D$6,(ROW()-30)*25,0) -> 0 | E63: =OFFSET(B!E$6,(ROW()-30)*25,0) -> 0 | F63: =OFFSET(B!F$6,(ROW()-30)*25,0) -> 0 | G63: =OFFSET(B!G$6,(ROW()-30)*25,0) -> 0 | H63: =OFFSET(B!H$6,(ROW()-30)*25,0) -> 0 | I63: =OFFSET(B!I$6,(ROW()-30)*25,0) -> 0 | ... AJ63: =OFFSET(B!AJ$6,(ROW()-30)*25,0) -> 0
A64: R5 | B64: =OFFSET(B!B$6,(ROW()-30)*25,0) -> 0 | C64: =OFFSET(B!C$6,(ROW()-30)*25,0) -> 0 | D64: =OFFSET(B!D$6,(ROW()-30)*25,0) -> 0 | E64: =OFFSET(B!E$6,(ROW()-30)*25,0) -> 0 | F64: =OFFSET(B!F$6,(ROW()-30)*25,0) -> 0 | G64: =OFFSET(B!G$6,(ROW()-30)*25,0) -> 0 | H64: =OFFSET(B!H$6,(ROW()-30)*25,0) -> 0 | I64: =OFFSET(B!I$6,(ROW()-30)*25,0) -> 0 | ... AJ64: =OFFSET(B!AJ$6,(ROW()-30)*25,0) -> 0
A65: R6 | B65: =OFFSET(B!B$6,(ROW()-30)*25,0) -> 0 | C65: =OFFSET(B!C$6,(ROW()-30)*25,0) -> 0 | D65: =OFFSET(B!D$6,(ROW()-30)*25,0) -> 0 | E65: =OFFSET(B!E$6,(ROW()-30)*25,0) -> 0 | F65: =OFFSET(B!F$6,(ROW()-30)*25,0) -> 0 | G65: =OFFSET(B!G$6,(ROW()-30)*25,0) -> 0 | H65: =OFFSET(B!H$6,(ROW()-30)*25,0) -> 0 | I65: =OFFSET(B!I$6,(ROW()-30)*25,0) -> 0 | ... AJ65: =OFFSET(B!AJ$6,(ROW()-30)*25,0) -> 0
A66: R7 | B66: =OFFSET(B!B$6,(ROW()-30)*25,0) -> 0 | C66: =OFFSET(B!C$6,(ROW()-30)*25,0) -> 0 | D66: =OFFSET(B!D$6,(ROW()-30)*25,0) -> 0 | E66: =OFFSET(B!E$6,(ROW()-30)*25,0) -> 0 | F66: =OFFSET(B!F$6,(ROW()-30)*25,0) -> 0 | G66: =OFFSET(B!G$6,(ROW()-30)*25,0) -> 0 | H66: =OFFSET(B!H$6,(ROW()-30)*25,0) -> 0 | I66: =OFFSET(B!I$6,(ROW()-30)*25,0) -> 0 | ... AJ66: =OFFSET(B!AJ$6,(ROW()-30)*25,0) -> 0
A67: R8 | B67: =OFFSET(B!B$6,(ROW()-30)*25,0) -> 0 | C67: =OFFSET(B!C$6,(ROW()-30)*25,0) -> 0 | D67: =OFFSET(B!D$6,(ROW()-30)*25,0) -> 0 | E67: =OFFSET(B!E$6,(ROW()-30)*25,0) -> 0 | F67: =OFFSET(B!F$6,(ROW()-30)*25,0) -> 0 | G67: =OFFSET(B!G$6,(ROW()-30)*25,0) -> 0 | H67: =OFFSET(B!H$6,(ROW()-30)*25,0) -> 0 | I67: =OFFSET(B!I$6,(ROW()-30)*25,0) -> 0 | ... AJ67: =OFFSET(B!AJ$6,(ROW()-30)*25,0) -> 0
A68: R9 | B68: =OFFSET(B!B$6,(ROW()-30)*25,0) -> 0 | C68: =OFFSET(B!C$6,(ROW()-30)*25,0) -> 0 | D68: =OFFSET(B!D$6,(ROW()-30)*25,0) -> 0 | E68: =OFFSET(B!E$6,(ROW()-30)*25,0) -> 0 | F68: =OFFSET(B!F$6,(ROW()-30)*25,0) -> 0 | G68: =OFFSET(B!G$6,(ROW()-30)*25,0) -> 0 | H68: =OFFSET(B!H$6,(ROW()-30)*25,0) -> 0 | I68: =OFFSET(B!I$6,(ROW()-30)*25,0) -> 0 | ... AJ68: =OFFSET(B!AJ$6,(ROW()-30)*25,0) -> 0
A69: R10 | B69: =OFFSET(B!B$6,(ROW()-30)*25,0) -> 0 | C69: =OFFSET(B!C$6,(ROW()-30)*25,0) -> 0 | D69: =OFFSET(B!D$6,(ROW()-30)*25,0) -> 0 | E69: =OFFSET(B!E$6,(ROW()-30)*25,0) -> 0 | F69: =OFFSET(B!F$6,(ROW()-30)*25,0) -> 0 | G69: =OFFSET(B!G$6,(ROW()-30)*25,0) -> 0 | H69: =OFFSET(B!H$6,(ROW()-30)*25,0) -> 0 | I69: =OFFSET(B!I$6,(ROW()-30)*25,0) -> 0 | ... AJ69: =OFFSET(B!AJ$6,(ROW()-30)*25,0) -> 0
A70: R11 | B70: =OFFSET(B!B$6,(ROW()-30)*25,0) -> 0 | C70: =OFFSET(B!C$6,(ROW()-30)*25,0) -> 0 | D70: =OFFSET(B!D$6,(ROW()-30)*25,0) -> 0 | E70: =OFFSET(B!E$6,(ROW()-30)*25,0) -> 0 | F70: =OFFSET(B!F$6,(ROW()-30)*25,0) -> 0 | G70: =OFFSET(B!G$6,(ROW()-30)*25,0) -> 0 | H70: =OFFSET(B!H$6,(ROW()-30)*25,0) -> 0 | I70: =OFFSET(B!I$6,(ROW()-30)*25,0) -> 0 | ... AJ70: =OFFSET(B!AJ$6,(ROW()-30)*25,0) -> 0
A71: R12 | B71: =OFFSET(B!B$6,(ROW()-30)*25,0) -> 0 | C71: =OFFSET(B!C$6,(ROW()-30)*25,0) -> 0 | D71: =OFFSET(B!D$6,(ROW()-30)*25,0) -> 0 | E71: =OFFSET(B!E$6,(ROW()-30)*25,0) -> 0 | F71: =OFFSET(B!F$6,(ROW()-30)*25,0) -> 0 | G71: =OFFSET(B!G$6,(ROW()-30)*25,0) -> 0 | H71: =OFFSET(B!H$6,(ROW()-30)*25,0) -> 0 | I71: =OFFSET(B!I$6,(ROW()-30)*25,0) -> 0 | ... AJ71: =OFFSET(B!AJ$6,(ROW()-30)*25,0) -> 0
A72: R13 | B72: =OFFSET(B!B$6,(ROW()-30)*25,0) -> 0 | C72: =OFFSET(B!C$6,(ROW()-30)*25,0) -> 0 | D72: =OFFSET(B!D$6,(ROW()-30)*25,0) -> 0 | E72: =OFFSET(B!E$6,(ROW()-30)*25,0) -> 0 | F72: =OFFSET(B!F$6,(ROW()-30)*25,0) -> 0 | G72: =OFFSET(B!G$6,(ROW()-30)*25,0) -> 0 | H72: =OFFSET(B!H$6,(ROW()-30)*25,0) -> 0 | I72: =OFFSET(B!I$6,(ROW()-30)*25,0) -> 0 | ... AJ72: =OFFSET(B!AJ$6,(ROW()-30)*25,0) -> 0
... A110: R51 | B110: =OFFSET(B!B$6,(ROW()-30)*25,0) -> 0 | C110: =OFFSET(B!C$6,(ROW()-30)*25,0) -> 0 | D110: =OFFSET(B!D$6,(ROW()-30)*25,0) -> 0 | E110: =OFFSET(B!E$6,(ROW()-30)*25,0) -> 0 | F110: =OFFSET(B!F$6,(ROW()-30)*25,0) -> 0 | G110: =OFFSET(B!G$6,(ROW()-30)*25,0) -> 0 | H110: =OFFSET(B!H$6,(ROW()-30)*25,0) -> 0 | I110: =OFFSET(B!I$6,(ROW()-30)*25,0) -> 0 | ... AJ110: =OFFSET(B!AJ$6,(ROW()-30)*25,0) -> 0
A111: mean | B111: =AVERAGE(B60:B110) -> 0.45098039 | C111: =AVERAGE(C60:C110) -> 1.7254902 | D111: =AVERAGE(D60:D110) -> 2.1176471 | E111: =AVERAGE(E60:E110) -> 1.9019608 | F111: =AVERAGE(F60:F110) -> 2.8039216 | G111: =AVERAGE(G60:G110) -> 1.7254902 | H111: =AVERAGE(H60:H110) -> 2.8431373 | I111: =AVERAGE(I60:I110) -> 2.1372549 | ... AJ111: =AVERAGE(AJ60:AJ110) -> 1.9607843
A115: C
A117: R1 | B117: ='C'!B$6 -> 116 | C117: ='C'!C$6 -> 117 | D117: ='C'!D$6 -> 147 | E117: ='C'!E$6 -> 132 | F117: ='C'!F$6 -> 77 | G117: ='C'!G$6 -> 105 | H117: ='C'!H$6 -> 63 | I117: ='C'!I$6 -> 84 | ... AJ117: ='C'!AJ$6 -> 50
A118: R2 | B118: =OFFSET('C'!B$6,(ROW()-57)*25,0) -> 0 | C118: =OFFSET('C'!C$6,(ROW()-57)*25,0) -> 0 | D118: =OFFSET('C'!D$6,(ROW()-57)*25,0) -> 0 | E118: =OFFSET('C'!E$6,(ROW()-57)*25,0) -> 0 | F118: =OFFSET('C'!F$6,(ROW()-57)*25,0) -> 0 | G118: =OFFSET('C'!G$6,(ROW()-57)*25,0) -> 0 | H118: =OFFSET('C'!H$6,(ROW()-57)*25,0) -> 0 | I118: =OFFSET('C'!I$6,(ROW()-57)*25,0) -> 0 | ... AJ118: =OFFSET('C'!AJ$6,(ROW()-57)*25,0) -> 0
A119: R3 | B119: =OFFSET('C'!B$6,(ROW()-57)*25,0) -> 0 | C119: =OFFSET('C'!C$6,(ROW()-57)*25,0) -> 0 | D119: =OFFSET('C'!D$6,(ROW()-57)*25,0) -> 0 | E119: =OFFSET('C'!E$6,(ROW()-57)*25,0) -> 0 | F119: =OFFSET('C'!F$6,(ROW()-57)*25,0) -> 0 | G119: =OFFSET('C'!G$6,(ROW()-57)*25,0) -> 0 | H119: =OFFSET('C'!H$6,(ROW()-57)*25,0) -> 0 | I119: =OFFSET('C'!I$6,(ROW()-57)*25,0) -> 0 | ... AJ119: =OFFSET('C'!AJ$6,(ROW()-57)*25,0) -> 0
A120: R4 | B120: =OFFSET('C'!B$6,(ROW()-57)*25,0) -> 0 | C120: =OFFSET('C'!C$6,(ROW()-57)*25,0) -> 0 | D120: =OFFSET('C'!D$6,(ROW()-57)*25,0) -> 0 | E120: =OFFSET('C'!E$6,(ROW()-57)*25,0) -> 0 | F120: =OFFSET('C'!F$6,(ROW()-57)*25,0) -> 0 | G120: =OFFSET('C'!G$6,(ROW()-57)*25,0) -> 0 | H120: =OFFSET('C'!H$6,(ROW()-57)*25,0) -> 0 | I120: =OFFSET('C'!I$6,(ROW()-57)*25,0) -> 0 | ... AJ120: =OFFSET('C'!AJ$6,(ROW()-57)*25,0) -> 0
A121: R5 | B121: =OFFSET('C'!B$6,(ROW()-57)*25,0) -> 0 | C121: =OFFSET('C'!C$6,(ROW()-57)*25,0) -> 0 | D121: =OFFSET('C'!D$6,(ROW()-57)*25,0) -> 0 | E121: =OFFSET('C'!E$6,(ROW()-57)*25,0) -> 0 | F121: =OFFSET('C'!F$6,(ROW()-57)*25,0) -> 0 | G121: =OFFSET('C'!G$6,(ROW()-57)*25,0) -> 0 | H121: =OFFSET('C'!H$6,(ROW()-57)*25,0) -> 0 | I121: =OFFSET('C'!I$6,(ROW()-57)*25,0) -> 0 | ... AJ121: =OFFSET('C'!AJ$6,(ROW()-57)*25,0) -> 0
A122: R6 | B122: =OFFSET('C'!B$6,(ROW()-57)*25,0) -> 0 | C122: =OFFSET('C'!C$6,(ROW()-57)*25,0) -> 0 | D122: =OFFSET('C'!D$6,(ROW()-57)*25,0) -> 0 | E122: =OFFSET('C'!E$6,(ROW()-57)*25,0) -> 0 | F122: =OFFSET('C'!F$6,(ROW()-57)*25,0) -> 0 | G122: =OFFSET('C'!G$6,(ROW()-57)*25,0) -> 0 | H122: =OFFSET('C'!H$6,(ROW()-57)*25,0) -> 0 | I122: =OFFSET('C'!I$6,(ROW()-57)*25,0) -> 0 | ... AJ122: =OFFSET('C'!AJ$6,(ROW()-57)*25,0) -> 0
A123: R7 | B123: =OFFSET('C'!B$6,(ROW()-57)*25,0) -> 0 | C123: =OFFSET('C'!C$6,(ROW()-57)*25,0) -> 0 | D123: =OFFSET('C'!D$6,(ROW()-57)*25,0) -> 0 | E123: =OFFSET('C'!E$6,(ROW()-57)*25,0) -> 0 | F123: =OFFSET('C'!F$6,(ROW()-57)*25,0) -> 0 | G123: =OFFSET('C'!G$6,(ROW()-57)*25,0) -> 0 | H123: =OFFSET('C'!H$6,(ROW()-57)*25,0) -> 0 | I123: =OFFSET('C'!I$6,(ROW()-57)*25,0) -> 0 | ... AJ123: =OFFSET('C'!AJ$6,(ROW()-57)*25,0) -> 0
A124: R8 | B124: =OFFSET('C'!B$6,(ROW()-57)*25,0) -> 0 | C124: =OFFSET('C'!C$6,(ROW()-57)*25,0) -> 0 | D124: =OFFSET('C'!D$6,(ROW()-57)*25,0) -> 0 | E124: =OFFSET('C'!E$6,(ROW()-57)*25,0) -> 0 | F124: =OFFSET('C'!F$6,(ROW()-57)*25,0) -> 0 | G124: =OFFSET('C'!G$6,(ROW()-57)*25,0) -> 0 | H124: =OFFSET('C'!H$6,(ROW()-57)*25,0) -> 0 | I124: =OFFSET('C'!I$6,(ROW()-57)*25,0) -> 0 | ... AJ124: =OFFSET('C'!AJ$6,(ROW()-57)*25,0) -> 0
A125: R9 | B125: =OFFSET('C'!B$6,(ROW()-57)*25,0) -> 0 | C125: =OFFSET('C'!C$6,(ROW()-57)*25,0) -> 0 | D125: =OFFSET('C'!D$6,(ROW()-57)*25,0) -> 0 | E125: =OFFSET('C'!E$6,(ROW()-57)*25,0) -> 0 | F125: =OFFSET('C'!F$6,(ROW()-57)*25,0) -> 0 | G125: =OFFSET('C'!G$6,(ROW()-57)*25,0) -> 0 | H125: =OFFSET('C'!H$6,(ROW()-57)*25,0) -> 0 | I125: =OFFSET('C'!I$6,(ROW()-57)*25,0) -> 0 | ... AJ125: =OFFSET('C'!AJ$6,(ROW()-57)*25,0) -> 0
A126: R10 | B126: =OFFSET('C'!B$6,(ROW()-57)*25,0) -> 0 | C126: =OFFSET('C'!C$6,(ROW()-57)*25,0) -> 0 | D126: =OFFSET('C'!D$6,(ROW()-57)*25,0) -> 0 | E126: =OFFSET('C'!E$6,(ROW()-57)*25,0) -> 0 | F126: =OFFSET('C'!F$6,(ROW()-57)*25,0) -> 0 | G126: =OFFSET('C'!G$6,(ROW()-57)*25,0) -> 0 | H126: =OFFSET('C'!H$6,(ROW()-57)*25,0) -> 0 | I126: =OFFSET('C'!I$6,(ROW()-57)*25,0) -> 0 | ... AJ126: =OFFSET('C'!AJ$6,(ROW()-57)*25,0) -> 0
A127: R11 | B127: =OFFSET('C'!B$6,(ROW()-57)*25,0) -> 0 | C127: =OFFSET('C'!C$6,(ROW()-57)*25,0) -> 0 | D127: =OFFSET('C'!D$6,(ROW()-57)*25,0) -> 0 | E127: =OFFSET('C'!E$6,(ROW()-57)*25,0) -> 0 | F127: =OFFSET('C'!F$6,(ROW()-57)*25,0) -> 0 | G127: =OFFSET('C'!G$6,(ROW()-57)*25,0) -> 0 | H127: =OFFSET('C'!H$6,(ROW()-57)*25,0) -> 0 | I127: =OFFSET('C'!I$6,(ROW()-57)*25,0) -> 0 | ... AJ127: =OFFSET('C'!AJ$6,(ROW()-57)*25,0) -> 0
A128: R12 | B128: =OFFSET('C'!B$6,(ROW()-57)*25,0) -> 0 | C128: =OFFSET('C'!C$6,(ROW()-57)*25,0) -> 0 | D128: =OFFSET('C'!D$6,(ROW()-57)*25,0) -> 0 | E128: =OFFSET('C'!E$6,(ROW()-57)*25,0) -> 0 | F128: =OFFSET('C'!F$6,(ROW()-57)*25,0) -> 0 | G128: =OFFSET('C'!G$6,(ROW()-57)*25,0) -> 0 | H128: =OFFSET('C'!H$6,(ROW()-57)*25,0) -> 0 | I128: =OFFSET('C'!I$6,(ROW()-57)*25,0) -> 0 | ... AJ128: =OFFSET('C'!AJ$6,(ROW()-57)*25,0) -> 0
A129: R13 | B129: =OFFSET('C'!B$6,(ROW()-57)*25,0) -> 0 | C129: =OFFSET('C'!C$6,(ROW()-57)*25,0) -> 0 | D129: =OFFSET('C'!D$6,(ROW()-57)*25,0) -> 0 | E129: =OFFSET('C'!E$6,(ROW()-57)*25,0) -> 0 | F129: =OFFSET('C'!F$6,(ROW()-57)*25,0) -> 0 | G129: =OFFSET('C'!G$6,(ROW()-57)*25,0) -> 0 | H129: =OFFSET('C'!H$6,(ROW()-57)*25,0) -> 0 | I129: =OFFSET('C'!I$6,(ROW()-57)*25,0) -> 0 | ... AJ129: =OFFSET('C'!AJ$6,(ROW()-57)*25,0) -> 0
... A167: R51 | B167: =OFFSET('C'!B$6,(ROW()-57)*25,0) -> 0 | C167: =OFFSET('C'!C$6,(ROW()-57)*25,0) -> 0 | D167: =OFFSET('C'!D$6,(ROW()-57)*25,0) -> 0 | E167: =OFFSET('C'!E$6,(ROW()-57)*25,0) -> 0 | F167: =OFFSET('C'!F$6,(ROW()-57)*25,0) -> 0 | G167: =OFFSET('C'!G$6,(ROW()-57)*25,0) -> 0 | H167: =OFFSET('C'!H$6,(ROW()-57)*25,0) -> 0 | I167: =OFFSET('C'!I$6,(ROW()-57)*25,0) -> 0 | ... AJ167: =OFFSET('C'!AJ$6,(ROW()-57)*25,0) -> 0
A168: mean | B168: =AVERAGE(B117:B167) -> 2.2745098 | C168: =AVERAGE(C117:C167) -> 2.2941176 | D168: =AVERAGE(D117:D167) -> 2.8823529 | E168: =AVERAGE(E117:E167) -> 2.5882353 | F168: =AVERAGE(F117:F167) -> 1.5098039 | G168: =AVERAGE(G117:G167) -> 2.0588235 | H168: =AVERAGE(H117:H167) -> 1.2352941 | I168: =AVERAGE(I117:I167) -> 1.6470588 | ... AJ168: =AVERAGE(AJ117:AJ167) -> 0.98039216
A172: D
A174: R1 | B174: =D!B$6 -> 0 | C174: =D!C$6 -> 0 | D174: =D!D$6 -> 0 | E174: =D!E$6 -> 0 | F174: =D!F$6 -> 0 | G174: =D!G$6 -> 0 | H174: =D!H$6 -> 0 | I174: =D!I$6 -> 0 | ... AJ174: =D!AJ$6 -> 0
A175: R2 | B175: =OFFSET(D!B$6,(ROW()-84)*25,0) -> 0 | C175: =OFFSET(D!C$6,(ROW()-84)*25,0) -> 0 | D175: =OFFSET(D!D$6,(ROW()-84)*25,0) -> 0 | E175: =OFFSET(D!E$6,(ROW()-84)*25,0) -> 0 | F175: =OFFSET(D!F$6,(ROW()-84)*25,0) -> 0 | G175: =OFFSET(D!G$6,(ROW()-84)*25,0) -> 0 | H175: =OFFSET(D!H$6,(ROW()-84)*25,0) -> 0 | I175: =OFFSET(D!I$6,(ROW()-84)*25,0) -> 0 | ... AJ175: =OFFSET(D!AJ$6,(ROW()-84)*25,0) -> 0
A176: R3 | B176: =OFFSET(D!B$6,(ROW()-84)*25,0) -> 0 | C176: =OFFSET(D!C$6,(ROW()-84)*25,0) -> 0 | D176: =OFFSET(D!D$6,(ROW()-84)*25,0) -> 0 | E176: =OFFSET(D!E$6,(ROW()-84)*25,0) -> 0 | F176: =OFFSET(D!F$6,(ROW()-84)*25,0) -> 0 | G176: =OFFSET(D!G$6,(ROW()-84)*25,0) -> 0 | H176: =OFFSET(D!H$6,(ROW()-84)*25,0) -> 0 | I176: =OFFSET(D!I$6,(ROW()-84)*25,0) -> 0 | ... AJ176: =OFFSET(D!AJ$6,(ROW()-84)*25,0) -> 0
A177: R4 | B177: =OFFSET(D!B$6,(ROW()-84)*25,0) -> 0 | C177: =OFFSET(D!C$6,(ROW()-84)*25,0) -> 0 | D177: =OFFSET(D!D$6,(ROW()-84)*25,0) -> 0 | E177: =OFFSET(D!E$6,(ROW()-84)*25,0) -> 0 | F177: =OFFSET(D!F$6,(ROW()-84)*25,0) -> 0 | G177: =OFFSET(D!G$6,(ROW()-84)*25,0) -> 0 | H177: =OFFSET(D!H$6,(ROW()-84)*25,0) -> 0 | I177: =OFFSET(D!I$6,(ROW()-84)*25,0) -> 0 | ... AJ177: =OFFSET(D!AJ$6,(ROW()-84)*25,0) -> 0
A178: R5 | B178: =OFFSET(D!B$6,(ROW()-84)*25,0) -> 0 | C178: =OFFSET(D!C$6,(ROW()-84)*25,0) -> 0 | D178: =OFFSET(D!D$6,(ROW()-84)*25,0) -> 0 | E178: =OFFSET(D!E$6,(ROW()-84)*25,0) -> 0 | F178: =OFFSET(D!F$6,(ROW()-84)*25,0) -> 0 | G178: =OFFSET(D!G$6,(ROW()-84)*25,0) -> 0 | H178: =OFFSET(D!H$6,(ROW()-84)*25,0) -> 0 | I178: =OFFSET(D!I$6,(ROW()-84)*25,0) -> 0 | ... AJ178: =OFFSET(D!AJ$6,(ROW()-84)*25,0) -> 0
A179: R6 | B179: =OFFSET(D!B$6,(ROW()-84)*25,0) -> 0 | C179: =OFFSET(D!C$6,(ROW()-84)*25,0) -> 0 | D179: =OFFSET(D!D$6,(ROW()-84)*25,0) -> 0 | E179: =OFFSET(D!E$6,(ROW()-84)*25,0) -> 0 | F179: =OFFSET(D!F$6,(ROW()-84)*25,0) -> 0 | G179: =OFFSET(D!G$6,(ROW()-84)*25,0) -> 0 | H179: =OFFSET(D!H$6,(ROW()-84)*25,0) -> 0 | I179: =OFFSET(D!I$6,(ROW()-84)*25,0) -> 0 | ... AJ179: =OFFSET(D!AJ$6,(ROW()-84)*25,0) -> 0
